"field_id","owner","concept","java_name","java_type","db_column","sql_type","api_name","typescript_type","nullable","validation","release","data_classification","reference"
"FS-ID","FS-ID-AUDIT","Identificador","id","UUID","id","uuid","id","string","NO","UUID gerado pela aplicação","MVP","INTERNAL","ADR-002"
"FS-CREATED-AT","FS-ID-AUDIT","Criação","createdAt","Instant","created_at","timestamptz","createdAt","string","NO","UTC; somente criação","MVP","INTERNAL","ADR-010"
"FS-UPDATED-AT","FS-ID-AUDIT","Última atualização","updatedAt","Instant","updated_at","timestamptz","updatedAt","string","NO","UTC; atualizado automaticamente","MVP","INTERNAL","ADR-010"
"FS-VERSION","FS-ID-AUDIT","Versão otimista","version","Long","version","bigint","version","number","NO","Inteiro >= 0","MVP","INTERNAL","RNF-DAD-005"
"FS-TENANT-ID","FS-TENANT","Tenant proprietário","tenantId","UUID","tenant_id","uuid","tenantId","string","NO","Derivado do contexto","MVP","INTERNAL","ENT-TENANT"
"FS-DELETED-AT","FS-SOFT-DELETE","Arquivamento","deletedAt","Instant","deleted_at","timestamptz","-","never","YES","UTC","MVP","INTERNAL","RN-CLI-002"
"FS-DELETED-BY","FS-SOFT-DELETE","Autor do arquivamento","deletedBy","UUID","deleted_by","uuid","-","never","YES","Usuário autorizado","MVP","INTERNAL","ENT-USER"
"TEN-TRADE-NAME","ENT-TENANT","Nome fantasia","tradeName","String","trade_name","varchar(120)","tradeName","string","NO","2..120","MVP","PUBLIC","RF-TEN-002"
"TEN-LEGAL-NAME","ENT-TENANT","Razão social","legalName","String","legal_name","varchar(180)","legalName","string","YES","2..180","MVP","PERSONAL","RF-TEN-002"
"TEN-DOCUMENT","ENT-TENANT","CPF ou CNPJ","document","String","document","varchar(14)","document","string","YES","11 ou 14 dígitos; único quando informado","MVP","PERSONAL","RF-TEN-002"
"TEN-STATUS","ENT-TENANT","Estado do tenant","status","TenantStatus","status","varchar(20)","status","TenantStatus","NO","Enum canônico","MVP","INTERNAL","TenantStatus"
"TEN-TIMEZONE","ENT-TENANT","Fuso padrão","defaultTimeZone","ZoneId","default_time_zone","varchar(60)","defaultTimeZone","string","NO","IANA timezone","MVP","INTERNAL","ADR-010"
"TEN-LOCALE","ENT-TENANT","Localidade","locale","String","locale","varchar(16)","locale","string","NO","BCP 47; padrão pt-BR","MVP","INTERNAL","RF-TEN-002"
"TEN-CURRENCY","ENT-TENANT","Moeda","currency","Currency","currency","char(3)","currency","string","NO","ISO 4217; padrão BRL","MVP","INTERNAL","ADR-011"
"TEN-EMAIL","ENT-TENANT","E-mail comercial","email","String","email","varchar(254)","email","string","YES","E-mail válido","MVP","PERSONAL","RF-TEN-002"
"TEN-PHONE","ENT-TENANT","Telefone comercial","phone","String","phone","varchar(20)","phone","string","YES","E.164 quando possível","MVP","PERSONAL","RF-TEN-002"
"TEN-LOGO-URL","ENT-TENANT","Logo","logoUrl","URI","logo_url","varchar(500)","logoUrl","string","YES","HTTPS ou storage interno","MVP","PUBLIC","RF-TEN-005"
"TEN-SLUG","ENT-TENANT","Identificador público","slug","String","slug","varchar(120)","slug","string","YES","Único global; kebab-case; obrigatório ao habilitar reserva pública","INTERMEDIARIO","PUBLIC","RF-AGE-017"
"TEN-DEPOSIT-MODE","ENT-TENANT","Modalidade de sinal","depositMode","DepositMode","deposit_mode","varchar(20)","depositMode","DepositMode","NO","NONE PERCENTAGE FIXED; padrão NONE","INTERMEDIARIO","INTERNAL","RF-AGE-018"
"TEN-DEPOSIT-VALUE","ENT-TENANT","Valor do sinal","depositValue","BigDecimal","deposit_value","numeric(19,2)","depositValue","string","YES","Obrigatório e positivo quando modalidade não for NONE","INTERMEDIARIO","INTERNAL","RF-AGE-018"
"TEN-DEPOSIT-DEADLINE","ENT-TENANT","Prazo do sinal em minutos","depositDeadlineMinutes","Integer","deposit_deadline_minutes","integer","depositDeadlineMinutes","number","NO","1..10080","INTERMEDIARIO","INTERNAL","RF-AGE-018"
"TEN-MIN-NOTICE","ENT-TENANT","Antecedência mínima em minutos","minimumNoticeMinutes","Integer","minimum_notice_minutes","integer","minimumNoticeMinutes","number","NO","0..10080","MVP","INTERNAL","RF-DIS-006"
"TEN-BOOKING-HORIZON","ENT-TENANT","Horizonte de reserva em dias","bookingHorizonDays","Integer","booking_horizon_days","integer","bookingHorizonDays","number","NO","1..365","MVP","INTERNAL","RF-DIS-006"
"TEN-CANCEL-WINDOW","ENT-TENANT","Janela de cancelamento em minutos","cancellationWindowMinutes","Integer","cancellation_window_minutes","integer","cancellationWindowMinutes","number","NO","0..43200","MVP","INTERNAL","RN-AGE-008"
"TEN-NOSHOW-TOLERANCE","ENT-TENANT","Tolerância de falta em minutos","noShowToleranceMinutes","Integer","no_show_tolerance_minutes","integer","noShowToleranceMinutes","number","NO","0..240","MVP","INTERNAL","RN-AGE-009"
"TEN-WAITLIST-OFFER","ENT-TENANT","Validade da oferta da fila em minutos","waitlistOfferMinutes","Integer","waitlist_offer_minutes","integer","waitlistOfferMinutes","number","NO","1..1440","MVP","INTERNAL","RN-FIL-003"
"UNT-NAME","ENT-UNIT","Nome da unidade","name","String","name","varchar(120)","name","string","NO","2..120","MVP","PUBLIC","RF-TEN-001"
"UNT-DOCUMENT","ENT-UNIT","Documento da unidade","document","String","document","varchar(14)","document","string","YES","CPF ou CNPJ normalizado quando aplicável","MVP","PERSONAL","RF-TEN-002"
"UNT-EMAIL","ENT-UNIT","E-mail da unidade","email","String","email","varchar(254)","email","string","YES","E-mail válido","MVP","PERSONAL","RF-TEN-002"
"UNT-PHONE","ENT-UNIT","Telefone da unidade","phone","String","phone","varchar(20)","phone","string","YES","E.164 quando possível","MVP","PERSONAL","RF-TEN-002"
"UNT-TIMEZONE","ENT-UNIT","Fuso da unidade","timeZone","ZoneId","time_zone","varchar(60)","timeZone","string","NO","IANA timezone","MVP","INTERNAL","RN-DIS-004"
"UNT-POSTAL-CODE","ENT-UNIT","CEP","postalCode","String","postal_code","varchar(12)","postalCode","string","YES","Somente formato aceito","MVP","PERSONAL","RF-TEN-002"
"UNT-STREET","ENT-UNIT","Logradouro","street","String","street","varchar(180)","street","string","YES","Até 180","MVP","PERSONAL","RF-TEN-002"
"UNT-NUMBER","ENT-UNIT","Número","number","String","number","varchar(30)","number","string","YES","Até 30","MVP","PERSONAL","RF-TEN-002"
"UNT-COMPLEMENT","ENT-UNIT","Complemento","complement","String","complement","varchar(120)","complement","string","YES","Até 120","MVP","PERSONAL","RF-TEN-002"
"UNT-DISTRICT","ENT-UNIT","Bairro","district","String","district","varchar(120)","district","string","YES","Até 120","MVP","PERSONAL","RF-TEN-002"
"UNT-CITY","ENT-UNIT","Cidade","city","String","city","varchar(120)","city","string","YES","Até 120","MVP","PERSONAL","RF-TEN-002"
"UNT-STATE","ENT-UNIT","UF","state","String","state","char(2)","state","string","YES","UF válida","MVP","PERSONAL","RF-TEN-002"
"UNT-COUNTRY","ENT-UNIT","País","country","String","country","char(2)","country","string","NO","ISO alpha-2; padrão BR","MVP","PERSONAL","RF-TEN-002"
"UNT-ACTIVE","ENT-UNIT","Unidade ativa","active","Boolean","active","boolean","active","boolean","NO","Padrão true","MVP","INTERNAL","RF-TEN-004"
"UOH-UNIT-ID","ENT-UNIT-OPENING-HOUR","Unidade","unitId","UUID","unit_id","uuid","unitId","string","NO","FK do mesmo tenant","MVP","INTERNAL","ENT-UNIT"
"UOH-DAY","ENT-UNIT-OPENING-HOUR","Dia da semana","dayOfWeek","Integer","day_of_week","smallint","dayOfWeek","number","NO","1 segunda-feira a 7 domingo","MVP","INTERNAL","RF-TEN-003"
"UOH-START-TIME","ENT-UNIT-OPENING-HOUR","Início local","startTime","LocalTime","start_time","time","startTime","string","NO","Menor que endTime; hora civil da unidade","MVP","INTERNAL","RF-TEN-003"
"UOH-END-TIME","ENT-UNIT-OPENING-HOUR","Fim local","endTime","LocalTime","end_time","time","endTime","string","NO","Maior que startTime; intervalo semiaberto","MVP","INTERNAL","RF-TEN-003"
"USR-EMAIL","ENT-USER","E-mail de login","email","String","email","varchar(254)","email","string","NO","Válido; único normalizado","MVP","PERSONAL","RF-AUT-001"
"USR-PASSWORD-HASH","ENT-USER","Hash de senha","passwordHash","String","password_hash","varchar(255)","-","never","NO","PasswordEncoder aprovado","MVP","SECRET","RNF-SEG-003"
"USR-FULL-NAME","ENT-USER","Nome completo","fullName","String","full_name","varchar(160)","fullName","string","NO","2..160","MVP","PERSONAL","RF-USR-004"
"USR-PHONE","ENT-USER","Telefone","phone","String","phone","varchar(20)","phone","string","YES","E.164 quando possível","MVP","PERSONAL","RF-USR-004"
"USR-STATUS","ENT-USER","Estado do usuário","status","UserStatus","status","varchar(20)","status","UserStatus","NO","Enum canônico","MVP","INTERNAL","UserStatus"
"USR-EMAIL-VERIFIED-AT","ENT-USER","Verificação de e-mail","emailVerifiedAt","Instant","email_verified_at","timestamptz","emailVerifiedAt","string","YES","UTC","INTERMEDIARIO","PERSONAL","RF-AUT-009"
"USR-PHONE-VERIFIED-AT","ENT-USER","Verificação de telefone","phoneVerifiedAt","Instant","phone_verified_at","timestamptz","phoneVerifiedAt","string","YES","UTC","INTERMEDIARIO","PERSONAL","RF-AUT-009"
"USR-MFA-ENABLED","ENT-USER","MFA habilitado","mfaEnabled","Boolean","mfa_enabled","boolean","mfaEnabled","boolean","NO","Padrão false","FINAL","INTERNAL","RF-AUT-010"
"USR-MFA-SECRET-REF","ENT-USER","Referência do segredo MFA","mfaSecretReference","String","mfa_secret_reference","varchar(255)","-","never","YES","Secret manager; nunca exposto","FINAL","SECRET","RF-AUT-010"
"USR-MFA-ENROLLED-AT","ENT-USER","Adesão ao MFA","mfaEnrolledAt","Instant","mfa_enrolled_at","timestamptz","mfaEnrolledAt","string","YES","UTC","FINAL","INTERNAL","RF-AUT-010"
"USR-LAST-LOGIN-AT","ENT-USER","Último login","lastLoginAt","Instant","last_login_at","timestamptz","lastLoginAt","string","YES","UTC","MVP","INTERNAL","RF-AUT-001"
"MEM-USER-ID","ENT-USER-MEMBERSHIP","Usuário vinculado","userId","UUID","user_id","uuid","userId","string","NO","FK","MVP","INTERNAL","ENT-USER"
"MEM-UNIT-ID","ENT-USER-MEMBERSHIP","Unidade restrita","unitId","UUID","unit_id","uuid","unitId","string","YES","FK do mesmo tenant","INTERMEDIARIO","INTERNAL","ENT-UNIT"
"MEM-ROLE","ENT-USER-MEMBERSHIP","Papel","role","MembershipRole","role","varchar(30)","role","MembershipRole","NO","Enum canônico","MVP","INTERNAL","MembershipRole"
"MEM-ROLE-ID","ENT-USER-MEMBERSHIP","Papel personalizado","roleId","UUID","role_id","uuid","roleId","string","YES","FK do tenant; substitui role quando informado","FINAL","INTERNAL","ENT-ROLE"
"MEM-STATUS","ENT-USER-MEMBERSHIP","Estado do vínculo","status","UserStatus","status","varchar(20)","status","UserStatus","NO","Enum canônico","MVP","INTERNAL","RF-USR-002"
"MEM-INVITED-AT","ENT-USER-MEMBERSHIP","Data do convite","invitedAt","Instant","invited_at","timestamptz","invitedAt","string","YES","UTC","MVP","INTERNAL","RF-USR-001"
"MEM-ACCEPTED-AT","ENT-USER-MEMBERSHIP","Aceite do convite","acceptedAt","Instant","accepted_at","timestamptz","acceptedAt","string","YES","UTC","MVP","INTERNAL","RF-USR-001"
"SES-USER-ID","ENT-USER-SESSION","Usuário da sessão","userId","UUID","user_id","uuid","userId","string","NO","FK","MVP","INTERNAL","ENT-USER"
"SES-TENANT-ID","ENT-USER-SESSION","Tenant ativo","tenantId","UUID","tenant_id","uuid","tenantId","string","YES","FK","MVP","INTERNAL","ENT-TENANT"
"SES-FAMILY-ID","ENT-USER-SESSION","Família de rotação","familyId","UUID","family_id","uuid","-","never","NO","UUID","MVP","SECRET","RN-AUT-002"
"SES-REFRESH-HASH","ENT-USER-SESSION","Hash do refresh token","refreshTokenHash","String","refresh_token_hash","varchar(255)","-","never","NO","Nunca persistir token puro","MVP","SECRET","ADR-012"
"SES-DEVICE-NAME","ENT-USER-SESSION","Nome do dispositivo","deviceName","String","device_name","varchar(120)","deviceName","string","YES","Até 120","MVP","INTERNAL","RF-AUT-008"
"SES-IP-HASH","ENT-USER-SESSION","IP pseudonimizado","ipHash","String","ip_hash","varchar(128)","-","never","YES","Hash com segredo rotacionável","MVP","PERSONAL","RNF-SEG-008"
"SES-USER-AGENT","ENT-USER-SESSION","Agente do navegador","userAgent","String","user_agent","varchar(500)","userAgent","string","YES","Até 500","MVP","PERSONAL","RF-AUT-008"
"SES-EXPIRES-AT","ENT-USER-SESSION","Expiração","expiresAt","Instant","expires_at","timestamptz","expiresAt","string","NO","UTC e futuro na criação","MVP","INTERNAL","RF-AUT-002"
"SES-REVOKED-AT","ENT-USER-SESSION","Revogação","revokedAt","Instant","revoked_at","timestamptz","revokedAt","string","YES","UTC","MVP","INTERNAL","RF-AUT-003"
"ACH-USER-ID","ENT-AUTH-CHALLENGE","Usuário","userId","UUID","user_id","uuid","-","never","NO","FK; nunca usado para revelar existência de conta","MVP","INTERNAL","ENT-USER"
"ACH-TYPE","ENT-AUTH-CHALLENGE","Tipo de desafio","type","AuthChallengeType","type","varchar(30)","-","never","NO","PASSWORD_RECOVERY CONTACT_VERIFICATION MFA","MVP","INTERNAL","AuthChallengeType"
"ACH-DESTINATION-HASH","ENT-AUTH-CHALLENGE","Destino pseudonimizado","destinationHash","String","destination_hash","varchar(128)","-","never","YES","HMAC de e-mail ou telefone; não reversível","MVP","PERSONAL","RNF-SEG-008"
"ACH-TOKEN-HASH","ENT-AUTH-CHALLENGE","Hash do token","tokenHash","String","token_hash","varchar(255)","-","never","YES","Token aleatório exibido somente no canal","MVP","SECRET","RF-AUT-005"
"ACH-CODE-HASH","ENT-AUTH-CHALLENGE","Hash do código","codeHash","String","code_hash","varchar(255)","-","never","YES","Código curto nunca persistido em claro","INTERMEDIARIO","SECRET","RF-AUT-009"
"ACH-EXPIRES-AT","ENT-AUTH-CHALLENGE","Expiração","expiresAt","Instant","expires_at","timestamptz","-","never","NO","UTC e futuro na criação","MVP","INTERNAL","RF-AUT-005"
"ACH-CONSUMED-AT","ENT-AUTH-CHALLENGE","Consumo","consumedAt","Instant","consumed_at","timestamptz","-","never","YES","Uso único","MVP","INTERNAL","RF-AUT-005"
"ACH-ATTEMPT-COUNT","ENT-AUTH-CHALLENGE","Tentativas falhas","attemptCount","Integer","attempt_count","integer","-","never","NO","0..limite configurado","MVP","INTERNAL","RNF-SEG-003"
"ROL-KEY","ENT-ROLE","Chave estável","key","String","role_key","varchar(80)","key","string","NO","Única por tenant; kebab-case","FINAL","INTERNAL","RF-USR-010"
"ROL-NAME","ENT-ROLE","Nome","name","String","name","varchar(80)","name","string","NO","2..80","FINAL","INTERNAL","RF-USR-010"
"ROL-SYSTEM","ENT-ROLE","Papel do sistema","system","Boolean","system","boolean","system","boolean","NO","Padrão false; papel do sistema não é excluído","FINAL","INTERNAL","RF-USR-010"
"ROL-PERMISSIONS","ENT-ROLE","Permissões","permissions","Set<String>","permissions","jsonb","permissions","string[]","NO","Lista única de chaves aprovadas","FINAL","INTERNAL","RF-USR-010"
"ROL-STATUS","ENT-ROLE","Estado","status","String","status","varchar(20)","status","string","NO","ACTIVE ARCHIVED","FINAL","INTERNAL","RF-USR-010"
"CLI-USER-ID","ENT-CUSTOMER","Usuário opcional","userId","UUID","user_id","uuid","userId","string","YES","FK global","MVP","INTERNAL","ENT-USER"
"CLI-FULL-NAME","ENT-CUSTOMER","Nome do cliente","fullName","String","full_name","varchar(160)","fullName","string","NO","2..160","MVP","PERSONAL","RF-CLI-001"
"CLI-EMAIL","ENT-CUSTOMER","E-mail","email","String","email","varchar(254)","email","string","YES","Válido e normalizado","MVP","PERSONAL","RF-CLI-001"
"CLI-PHONE","ENT-CUSTOMER","Telefone","phone","String","phone","varchar(20)","phone","string","YES","E-mail ou telefone obrigatório","MVP","PERSONAL","RF-CLI-001"
"CLI-BIRTH-DATE","ENT-CUSTOMER","Nascimento","birthDate","LocalDate","birth_date","date","birthDate","string","YES","Não futura","MVP","PERSONAL","RF-CLI-002"
"CLI-NOTES","ENT-CUSTOMER","Observação operacional","notes","String","notes","varchar(1000)","notes","string","YES","Até 1000; sem HTML","MVP","PERSONAL","RF-CLI-004"
"CLI-STATUS","ENT-CUSTOMER","Estado","status","String","status","varchar(20)","status","string","NO","ACTIVE ou ARCHIVED","MVP","INTERNAL","RF-CLI-006"
"CLI-CONSENT-STATUS","ENT-CUSTOMER","Consentimento de comunicação","consentStatus","String","consent_status","varchar(20)","consentStatus","string","NO","UNKNOWN OPTED_IN OPTED_OUT","INTERMEDIARIO","PERSONAL","RF-CRM-003"
"CLI-LAST-VISIT-AT","ENT-CUSTOMER","Último atendimento","lastVisitAt","Instant","last_visit_at","timestamptz","lastVisitAt","string","YES","Campo derivado atualizável","INTERMEDIARIO","INTERNAL","RF-CRM-001"
"CMG-SOURCE-ID","ENT-CUSTOMER-MERGE","Cliente de origem","sourceCustomerId","UUID","source_customer_id","uuid","sourceCustomerId","string","NO","FK; diferente do destino","FINAL","PERSONAL","ENT-CUSTOMER"
"CMG-TARGET-ID","ENT-CUSTOMER-MERGE","Cliente de destino","targetCustomerId","UUID","target_customer_id","uuid","targetCustomerId","string","NO","FK; mesmo tenant","FINAL","PERSONAL","ENT-CUSTOMER"
"CMG-REASON","ENT-CUSTOMER-MERGE","Motivo","reason","String","reason","varchar(500)","reason","string","NO","10..500","FINAL","INTERNAL","RF-CLI-010"
"CMG-STATUS","ENT-CUSTOMER-MERGE","Estado","status","String","status","varchar(20)","status","string","NO","COMPLETED REVERSED","FINAL","INTERNAL","RF-CLI-010"
"CMG-REVERSED-AT","ENT-CUSTOMER-MERGE","Reversão","reversedAt","Instant","reversed_at","timestamptz","reversedAt","string","YES","UTC; exige auditoria","FINAL","INTERNAL","RF-CLI-010"
"BAR-USER-ID","ENT-BARBER-PROFILE","Usuário profissional","userId","UUID","user_id","uuid","userId","string","NO","Único por tenant","MVP","INTERNAL","ENT-USER"
"BAR-UNIT-ID","ENT-BARBER-PROFILE","Unidade principal","unitId","UUID","unit_id","uuid","unitId","string","NO","FK do tenant","MVP","INTERNAL","ENT-UNIT"
"BAR-PUBLIC-NAME","ENT-BARBER-PROFILE","Nome público","publicName","String","public_name","varchar(120)","publicName","string","NO","2..120","MVP","PUBLIC","RF-BAR-002"
"BAR-BIO","ENT-BARBER-PROFILE","Biografia","bio","String","bio","varchar(1000)","bio","string","YES","Até 1000; texto simples","MVP","PUBLIC","RF-BAR-002"
"BAR-ACTIVE","ENT-BARBER-PROFILE","Profissional ativo","active","Boolean","active","boolean","active","boolean","NO","Padrão true","MVP","INTERNAL","RF-BAR-003"
"SCT-NAME","ENT-SERVICE-CATEGORY","Nome da categoria","name","String","name","varchar(100)","name","string","NO","Único ativo por tenant","MVP","PUBLIC","RF-SER-001"
"SCT-SORT","ENT-SERVICE-CATEGORY","Ordem","sortOrder","Integer","sort_order","integer","sortOrder","number","NO",">=0","MVP","INTERNAL","RF-SER-001"
"SCT-ACTIVE","ENT-SERVICE-CATEGORY","Ativa","active","Boolean","active","boolean","active","boolean","NO","Padrão true","MVP","INTERNAL","RF-SER-001"
"SER-UNIT-ID","ENT-SERVICE","Unidade opcional","unitId","UUID","unit_id","uuid","unitId","string","YES","FK do mesmo tenant; nulo significa catálogo global","FINAL","INTERNAL","RF-SER-008"
"SER-CATEGORY-ID","ENT-SERVICE","Categoria","categoryId","UUID","category_id","uuid","categoryId","string","YES","FK do tenant","MVP","INTERNAL","ENT-SERVICE-CATEGORY"
"SER-TYPE","ENT-SERVICE","Tipo do serviço","serviceType","ServiceType","service_type","varchar(20)","serviceType","ServiceType","NO","SERVICE COMBO ADDON; padrão SERVICE","MVP","INTERNAL","RF-SER-007"
"SER-NAME","ENT-SERVICE","Nome","name","String","name","varchar(120)","name","string","NO","2..120","MVP","PUBLIC","RF-SER-002"
"SER-DESCRIPTION","ENT-SERVICE","Descrição","description","String","description","varchar(1000)","description","string","YES","Até 1000","MVP","PUBLIC","RF-SER-002"
"SER-DURATION","ENT-SERVICE","Duração","durationMinutes","Integer","duration_minutes","integer","durationMinutes","number","NO","5..720","MVP","PUBLIC","RF-SER-003"
"SER-BUFFER-BEFORE","ENT-SERVICE","Buffer anterior","bufferBeforeMinutes","Integer","buffer_before_minutes","integer","bufferBeforeMinutes","number","NO","0..240","MVP","INTERNAL","RF-SER-003"
"SER-BUFFER-AFTER","ENT-SERVICE","Buffer posterior","bufferAfterMinutes","Integer","buffer_after_minutes","integer","bufferAfterMinutes","number","NO","0..240","MVP","INTERNAL","RF-SER-003"
"SER-PRICE","ENT-SERVICE","Preço","price","BigDecimal","price","numeric(19,2)","price","string","NO",">=0; decimal","MVP","PUBLIC","ADR-011"
"SER-ACTIVE","ENT-SERVICE","Ativo","active","Boolean","active","boolean","active","boolean","NO","Padrão true","MVP","INTERNAL","RF-SER-005"
"SER-SORT","ENT-SERVICE","Ordem","sortOrder","Integer","sort_order","integer","sortOrder","number","NO",">=0","MVP","INTERNAL","RF-SER-006"
"BSE-BARBER-ID","ENT-BARBER-SERVICE","Profissional","barberId","UUID","barber_id","uuid","barberId","string","NO","FK do tenant","MVP","INTERNAL","ENT-BARBER-PROFILE"
"BSE-SERVICE-ID","ENT-BARBER-SERVICE","Serviço","serviceId","UUID","service_id","uuid","serviceId","string","NO","FK do tenant; par único","MVP","INTERNAL","ENT-SERVICE"
"BSE-DURATION","ENT-BARBER-SERVICE","Duração sobrescrita","durationOverrideMinutes","Integer","duration_override_minutes","integer","durationOverrideMinutes","number","YES","5..720","MVP","INTERNAL","RN-SER-001"
"BSE-PRICE","ENT-BARBER-SERVICE","Preço sobrescrito","priceOverride","BigDecimal","price_override","numeric(19,2)","priceOverride","string","YES",">=0","MVP","INTERNAL","RN-SER-001"
"BSE-ACTIVE","ENT-BARBER-SERVICE","Vínculo ativo","active","Boolean","active","boolean","active","boolean","NO","Padrão true","MVP","INTERNAL","RF-BAR-004"
"SCO-PARENT-ID","ENT-SERVICE-COMPOSITION","Serviço composto","parentServiceId","UUID","parent_service_id","uuid","parentServiceId","string","NO","FK; tipo COMBO ou ADDON","INTERMEDIARIO","INTERNAL","ENT-SERVICE"
"SCO-COMPONENT-ID","ENT-SERVICE-COMPOSITION","Serviço componente","componentServiceId","UUID","component_service_id","uuid","componentServiceId","string","NO","FK; diferente do pai; par único","INTERMEDIARIO","INTERNAL","ENT-SERVICE"
"SCO-QUANTITY","ENT-SERVICE-COMPOSITION","Quantidade","quantity","Integer","quantity","integer","quantity","number","NO","1..100","INTERMEDIARIO","INTERNAL","RF-SER-007"
"WSC-UNIT-ID","ENT-WORK-SCHEDULE","Unidade","unitId","UUID","unit_id","uuid","unitId","string","NO","FK do tenant","MVP","INTERNAL","ENT-UNIT"
"WSC-BARBER-ID","ENT-WORK-SCHEDULE","Profissional","barberId","UUID","barber_id","uuid","barberId","string","NO","FK do tenant","MVP","INTERNAL","ENT-BARBER-PROFILE"
"WSC-WEEKDAY","ENT-WORK-SCHEDULE","Dia da semana","weekDay","DayOfWeek","week_day","smallint","weekDay","number","NO","1..7 ISO","MVP","INTERNAL","RF-DIS-001"
"WSC-START-TIME","ENT-WORK-SCHEDULE","Início local","startLocalTime","LocalTime","start_local_time","time","startLocalTime","string","NO","Menor que fim","MVP","INTERNAL","RN-DIS-002"
"WSC-END-TIME","ENT-WORK-SCHEDULE","Fim local","endLocalTime","LocalTime","end_local_time","time","endLocalTime","string","NO","Maior que início","MVP","INTERNAL","RN-DIS-002"
"WSC-VALID-FROM","ENT-WORK-SCHEDULE","Início da vigência","validFrom","LocalDate","valid_from","date","validFrom","string","NO","Data válida","MVP","INTERNAL","RF-DIS-001"
"WSC-VALID-TO","ENT-WORK-SCHEDULE","Fim da vigência","validTo","LocalDate","valid_to","date","validTo","string","YES",">= validFrom","MVP","INTERNAL","RF-DIS-001"
"AEX-UNIT-ID","ENT-AVAILABILITY-EXCEPTION","Unidade","unitId","UUID","unit_id","uuid","unitId","string","NO","FK do tenant","MVP","INTERNAL","ENT-UNIT"
"AEX-BARBER-ID","ENT-AVAILABILITY-EXCEPTION","Profissional opcional","barberId","UUID","barber_id","uuid","barberId","string","YES","Nulo significa unidade","MVP","INTERNAL","ENT-BARBER-PROFILE"
"AEX-TYPE","ENT-AVAILABILITY-EXCEPTION","Tipo","type","ExceptionType","type","varchar(20)","type","ExceptionType","NO","Enum canônico","MVP","INTERNAL","ExceptionType"
"AEX-START-AT","ENT-AVAILABILITY-EXCEPTION","Início","startAt","Instant","start_at","timestamptz","startAt","string","NO","UTC; menor que fim","MVP","INTERNAL","RN-DIS-004"
"AEX-END-AT","ENT-AVAILABILITY-EXCEPTION","Fim","endAt","Instant","end_at","timestamptz","endAt","string","NO","UTC; maior que início","MVP","INTERNAL","RN-DIS-004"
"AEX-REASON","ENT-AVAILABILITY-EXCEPTION","Motivo","reason","String","reason","varchar(500)","reason","string","YES","Até 500","MVP","INTERNAL","RF-DIS-004"
"AEX-RECURRENCE","ENT-AVAILABILITY-EXCEPTION","Recorrência opcional","recurrenceRule","String","recurrence_rule","varchar(500)","recurrenceRule","string","YES","RRULE validada e limitada","MVP","INTERNAL","RF-DIS-002"
"RCR-RRULE","ENT-RECURRENCE-SERIES","Regra de recorrência","rule","String","recurrence_rule","varchar(500)","rule","string","NO","Subconjunto RFC 5545 aprovado","MVP","INTERNAL","RF-AGE-013"
"RCR-TIMEZONE","ENT-RECURRENCE-SERIES","Fuso da série","timeZone","ZoneId","time_zone","varchar(60)","timeZone","string","NO","IANA","MVP","INTERNAL","ADR-010"
"RCR-START-DATE","ENT-RECURRENCE-SERIES","Primeira data","startDate","LocalDate","start_date","date","startDate","string","NO","Data válida","MVP","INTERNAL","RF-AGE-013"
"RCR-END-DATE","ENT-RECURRENCE-SERIES","Data final","endDate","LocalDate","end_date","date","endDate","string","YES",">= startDate","MVP","INTERNAL","RF-AGE-013"
"RCR-COUNT","ENT-RECURRENCE-SERIES","Quantidade máxima","count","Integer","occurrence_count","integer","count","number","YES","1..365","MVP","INTERNAL","RF-AGE-013"
"RCR-STATUS","ENT-RECURRENCE-SERIES","Estado da série","status","String","status","varchar(20)","status","string","NO","ACTIVE CANCELED COMPLETED","MVP","INTERNAL","RF-AGE-014"
"APT-UNIT-ID","ENT-APPOINTMENT","Unidade","unitId","UUID","unit_id","uuid","unitId","string","NO","FK do tenant","MVP","INTERNAL","ENT-UNIT"
"APT-CUSTOMER-ID","ENT-APPOINTMENT","Cliente","customerId","UUID","customer_id","uuid","customerId","string","NO","FK do tenant","MVP","PERSONAL","ENT-CUSTOMER"
"APT-BARBER-ID","ENT-APPOINTMENT","Profissional","barberId","UUID","barber_id","uuid","barberId","string","NO","FK do tenant","MVP","INTERNAL","ENT-BARBER-PROFILE"
"APT-SERIES-ID","ENT-APPOINTMENT","Série opcional","recurrenceSeriesId","UUID","recurrence_series_id","uuid","recurrenceSeriesId","string","YES","FK do tenant","MVP","INTERNAL","ENT-RECURRENCE-SERIES"
"APT-CHANNEL","ENT-APPOINTMENT","Canal de origem","channel","AppointmentChannel","channel","varchar(20)","channel","AppointmentChannel","NO","Enum canônico","MVP","INTERNAL","AppointmentChannel"
"APT-STATUS","ENT-APPOINTMENT","Estado","status","AppointmentStatus","status","varchar(20)","status","AppointmentStatus","NO","Enum canônico","MVP","INTERNAL","RN-AGE-003"
"APT-START-AT","ENT-APPOINTMENT","Início","startAt","Instant","start_at","timestamptz","startAt","string","NO","UTC; menor que fim","MVP","INTERNAL","RN-AGE-001"
"APT-END-AT","ENT-APPOINTMENT","Fim","endAt","Instant","end_at","timestamptz","endAt","string","NO","UTC; maior que início","MVP","INTERNAL","RN-AGE-005"
"APT-TOTAL","ENT-APPOINTMENT","Total final","totalAmount","BigDecimal","total_amount","numeric(19,2)","totalAmount","string","NO",">=0","MVP","INTERNAL","ADR-011"
"APT-DISCOUNT","ENT-APPOINTMENT","Desconto total","discountAmount","BigDecimal","discount_amount","numeric(19,2)","discountAmount","string","NO","0..total","MVP","INTERNAL","RN-COM-002"
"APT-SURCHARGE","ENT-APPOINTMENT","Acréscimo total","surchargeAmount","BigDecimal","surcharge_amount","numeric(19,2)","surchargeAmount","string","NO",">=0; padrão 0","INTERMEDIARIO","INTERNAL","RN-PAG-005"
"APT-TIP","ENT-APPOINTMENT","Gorjeta","tipAmount","BigDecimal","tip_amount","numeric(19,2)","tipAmount","string","NO",">=0; fora da comissão padrão","INTERMEDIARIO","INTERNAL","RN-PAG-005"
"APT-NOTES","ENT-APPOINTMENT","Observação","notes","String","notes","varchar(1000)","notes","string","YES","Até 1000; sem HTML","MVP","PERSONAL","RF-AGE-001"
"APT-CANCEL-REASON","ENT-APPOINTMENT","Motivo de cancelamento","cancellationReason","String","cancellation_reason","varchar(500)","cancellationReason","string","YES","Obrigatório ao cancelar","MVP","INTERNAL","RN-AGE-008"
"APT-CANCELED-AT","ENT-APPOINTMENT","Cancelamento","canceledAt","Instant","canceled_at","timestamptz","canceledAt","string","YES","UTC","MVP","INTERNAL","RN-AGE-008"
"APT-COMPLETED-AT","ENT-APPOINTMENT","Conclusão","completedAt","Instant","completed_at","timestamptz","completedAt","string","YES","UTC","MVP","INTERNAL","RN-AGE-014"
"APT-IDEMPOTENCY","ENT-APPOINTMENT","Chave idempotente","idempotencyKey","String","idempotency_key","varchar(120)","-","never","YES","Única por tenant e operação","MVP","SECRET","RN-AGE-013"
"APT-DEPOSIT-STATUS","ENT-APPOINTMENT","Estado do sinal","depositStatus","DepositStatus","deposit_status","varchar(20)","depositStatus","DepositStatus","NO","NOT_REQUIRED PENDING PAID EXPIRED WAIVED; snapshot","INTERMEDIARIO","INTERNAL","RF-AGE-018"
"APT-DEPOSIT-AMOUNT","ENT-APPOINTMENT","Valor exigido de sinal","depositAmount","BigDecimal","deposit_amount","numeric(19,2)","depositAmount","string","YES","Positivo quando estado exigir; snapshot da política","INTERMEDIARIO","INTERNAL","RF-AGE-018"
"APT-DEPOSIT-DUE-AT","ENT-APPOINTMENT","Vencimento do sinal","depositDueAt","Instant","deposit_due_at","timestamptz","depositDueAt","string","YES","UTC; exigido em PENDING","INTERMEDIARIO","INTERNAL","RF-AGE-018"
"API-APPOINTMENT-ID","ENT-APPOINTMENT-ITEM","Agendamento","appointmentId","UUID","appointment_id","uuid","appointmentId","string","NO","FK do tenant","MVP","INTERNAL","ENT-APPOINTMENT"
"API-SERVICE-ID","ENT-APPOINTMENT-ITEM","Serviço de origem","serviceId","UUID","service_id","uuid","serviceId","string","NO","FK do tenant","MVP","INTERNAL","ENT-SERVICE"
"API-NAME-SNAPSHOT","ENT-APPOINTMENT-ITEM","Nome congelado","nameSnapshot","String","name_snapshot","varchar(120)","name","string","NO","2..120","MVP","INTERNAL","RN-AGE-006"
"API-DURATION-SNAPSHOT","ENT-APPOINTMENT-ITEM","Duração congelada","durationMinutes","Integer","duration_minutes","integer","durationMinutes","number","NO","5..720","MVP","INTERNAL","RN-AGE-006"
"API-UNIT-PRICE","ENT-APPOINTMENT-ITEM","Preço congelado","unitPrice","BigDecimal","unit_price","numeric(19,2)","unitPrice","string","NO",">=0","MVP","INTERNAL","RN-AGE-006"
"API-DISCOUNT","ENT-APPOINTMENT-ITEM","Desconto do item","discountAmount","BigDecimal","discount_amount","numeric(19,2)","discountAmount","string","NO","0..unitPrice","MVP","INTERNAL","RN-COM-002"
"API-SORT","ENT-APPOINTMENT-ITEM","Ordem do item","sortOrder","Integer","sort_order","integer","sortOrder","number","NO",">=0","MVP","INTERNAL","RF-AGE-012"
"APH-APPOINTMENT-ID","ENT-APPOINTMENT-HISTORY","Agendamento","appointmentId","UUID","appointment_id","uuid","appointmentId","string","NO","FK","MVP","INTERNAL","ENT-APPOINTMENT"
"APH-FROM-STATUS","ENT-APPOINTMENT-HISTORY","Estado anterior","fromStatus","AppointmentStatus","from_status","varchar(20)","fromStatus","AppointmentStatus","YES","Nulo na criação","MVP","INTERNAL","AppointmentStatus"
"APH-TO-STATUS","ENT-APPOINTMENT-HISTORY","Novo estado","toStatus","AppointmentStatus","to_status","varchar(20)","toStatus","AppointmentStatus","NO","Enum canônico","MVP","INTERNAL","AppointmentStatus"
"APH-ACTOR-ID","ENT-APPOINTMENT-HISTORY","Autor","actorUserId","UUID","actor_user_id","uuid","actorUserId","string","YES","Nulo para sistema","MVP","INTERNAL","ENT-USER"
"APH-REASON","ENT-APPOINTMENT-HISTORY","Motivo","reason","String","reason","varchar(500)","reason","string","YES","Até 500","MVP","INTERNAL","RN-AGE-007"
"APH-OCCURRED-AT","ENT-APPOINTMENT-HISTORY","Ocorrência","occurredAt","Instant","occurred_at","timestamptz","occurredAt","string","NO","UTC","MVP","INTERNAL","ADR-010"
"WLE-UNIT-ID","ENT-WAITLIST-ENTRY","Unidade","unitId","UUID","unit_id","uuid","unitId","string","NO","FK do tenant","MVP","INTERNAL","ENT-UNIT"
"WLE-CUSTOMER-ID","ENT-WAITLIST-ENTRY","Cliente","customerId","UUID","customer_id","uuid","customerId","string","NO","FK do tenant","MVP","PERSONAL","ENT-CUSTOMER"
"WLE-SERVICE-ID","ENT-WAITLIST-ENTRY","Serviço","serviceId","UUID","service_id","uuid","serviceId","string","NO","FK do tenant","MVP","INTERNAL","ENT-SERVICE"
"WLE-BARBER-ID","ENT-WAITLIST-ENTRY","Profissional preferido","preferredBarberId","UUID","preferred_barber_id","uuid","preferredBarberId","string","YES","FK do tenant","MVP","INTERNAL","ENT-BARBER-PROFILE"
"WLE-WINDOW-START","ENT-WAITLIST-ENTRY","Início da janela","windowStartAt","Instant","window_start_at","timestamptz","windowStartAt","string","NO","UTC","MVP","INTERNAL","RF-FIL-001"
"WLE-WINDOW-END","ENT-WAITLIST-ENTRY","Fim da janela","windowEndAt","Instant","window_end_at","timestamptz","windowEndAt","string","NO","> início","MVP","INTERNAL","RF-FIL-001"
"WLE-STATUS","ENT-WAITLIST-ENTRY","Estado","status","WaitlistStatus","status","varchar(20)","status","WaitlistStatus","NO","Enum canônico","MVP","INTERNAL","WaitlistStatus"
"WLE-PRIORITY","ENT-WAITLIST-ENTRY","Prioridade","priority","Integer","priority","integer","priority","number","NO","Padrão 0; motivo para alteração","MVP","INTERNAL","RN-FIL-002"
"WLE-EXPIRES-AT","ENT-WAITLIST-ENTRY","Expiração","expiresAt","Instant","expires_at","timestamptz","expiresAt","string","YES","UTC","MVP","INTERNAL","RF-FIL-005"
"WOF-WAITLIST-ID","ENT-WAITLIST-OFFER","Entrada da fila","waitlistEntryId","UUID","waitlist_entry_id","uuid","waitlistEntryId","string","NO","FK","MVP","INTERNAL","ENT-WAITLIST-ENTRY"
"WOF-SLOT-START","ENT-WAITLIST-OFFER","Slot oferecido","slotStartAt","Instant","slot_start_at","timestamptz","slotStartAt","string","NO","UTC","MVP","INTERNAL","RN-FIL-003"
"WOF-SLOT-END","ENT-WAITLIST-OFFER","Fim do slot","slotEndAt","Instant","slot_end_at","timestamptz","slotEndAt","string","NO","> início","MVP","INTERNAL","RN-FIL-003"
"WOF-TOKEN-HASH","ENT-WAITLIST-OFFER","Hash do link","tokenHash","String","token_hash","varchar(255)","-","never","NO","Uso único","MVP","SECRET","RF-FIL-004"
"WOF-STATUS","ENT-WAITLIST-OFFER","Estado","status","OfferStatus","status","varchar(20)","status","OfferStatus","NO","Enum canônico","MVP","INTERNAL","OfferStatus"
"WOF-EXPIRES-AT","ENT-WAITLIST-OFFER","Expiração","expiresAt","Instant","expires_at","timestamptz","expiresAt","string","NO","UTC","MVP","INTERNAL","RN-FIL-003"
"CMR-BARBER-ID","ENT-COMMISSION-RULE","Profissional opcional","barberId","UUID","barber_id","uuid","barberId","string","YES","FK do tenant","MVP","INTERNAL","ENT-BARBER-PROFILE"
"CMR-SERVICE-ID","ENT-COMMISSION-RULE","Serviço opcional","serviceId","UUID","service_id","uuid","serviceId","string","YES","FK do tenant","MVP","INTERNAL","ENT-SERVICE"
"CMR-TYPE","ENT-COMMISSION-RULE","Tipo","type","CommissionType","type","varchar(20)","type","CommissionType","NO","Enum canônico","MVP","INTERNAL","CommissionType"
"CMR-PERCENTAGE","ENT-COMMISSION-RULE","Percentual","percentage","BigDecimal","percentage","numeric(7,4)","percentage","string","YES","0..100","MVP","INTERNAL","RN-COM-003"
"CMR-FIXED","ENT-COMMISSION-RULE","Valor fixo","fixedAmount","BigDecimal","fixed_amount","numeric(19,2)","fixedAmount","string","YES",">=0","MVP","INTERNAL","RN-COM-003"
"CMR-VALID-FROM","ENT-COMMISSION-RULE","Início da vigência","validFrom","Instant","valid_from","timestamptz","validFrom","string","NO","UTC","MVP","INTERNAL","RN-COM-001"
"CMR-VALID-TO","ENT-COMMISSION-RULE","Fim da vigência","validTo","Instant","valid_to","timestamptz","validTo","string","YES","> início","MVP","INTERNAL","RN-COM-001"
"CME-APPOINTMENT-ID","ENT-COMMISSION-ENTRY","Agendamento","appointmentId","UUID","appointment_id","uuid","appointmentId","string","YES","FK; nulo somente em ajuste manual","MVP","INTERNAL","ENT-APPOINTMENT"
"CME-ITEM-ID","ENT-COMMISSION-ENTRY","Item","appointmentItemId","UUID","appointment_item_id","uuid","appointmentItemId","string","YES","FK; nulo somente em ajuste manual","MVP","INTERNAL","ENT-APPOINTMENT-ITEM"
"CME-BARBER-ID","ENT-COMMISSION-ENTRY","Profissional","barberId","UUID","barber_id","uuid","barberId","string","NO","FK","MVP","INTERNAL","ENT-BARBER-PROFILE"
"CME-RULE-ID","ENT-COMMISSION-ENTRY","Regra de origem","commissionRuleId","UUID","commission_rule_id","uuid","commissionRuleId","string","YES","FK","MVP","INTERNAL","ENT-COMMISSION-RULE"
"CME-BASE","ENT-COMMISSION-ENTRY","Base","baseAmount","BigDecimal","base_amount","numeric(19,2)","baseAmount","string","NO",">=0","MVP","INTERNAL","RN-COM-002"
"CME-PERCENTAGE","ENT-COMMISSION-ENTRY","Percentual aplicado","percentage","BigDecimal","percentage","numeric(7,4)","percentage","string","NO","0..100","MVP","INTERNAL","RN-COM-004"
"CME-FIXED","ENT-COMMISSION-ENTRY","Fixo aplicado","fixedAmount","BigDecimal","fixed_amount","numeric(19,2)","fixedAmount","string","NO",">=0","MVP","INTERNAL","RN-COM-004"
"CME-AMOUNT","ENT-COMMISSION-ENTRY","Comissão","commissionAmount","BigDecimal","commission_amount","numeric(19,2)","commissionAmount","string","NO","Pode ser negativo em reversão","MVP","INTERNAL","RN-COM-003"
"CME-STATUS","ENT-COMMISSION-ENTRY","Estado","status","CommissionStatus","status","varchar(20)","status","CommissionStatus","NO","Enum canônico","MVP","INTERNAL","CommissionStatus"
"CME-REVERSAL-ID","ENT-COMMISSION-ENTRY","Lançamento revertido","reversalOfId","UUID","reversal_of_id","uuid","reversalOfId","string","YES","FK","INTERMEDIARIO","INTERNAL","RN-COM-006"
"CME-REASON","ENT-COMMISSION-ENTRY","Motivo","reason","String","reason","varchar(500)","reason","string","YES","Obrigatório para ajuste","MVP","INTERNAL","RN-COM-007"
"NOT-RECIPIENT-USER","ENT-NOTIFICATION","Usuário destinatário","recipientUserId","UUID","recipient_user_id","uuid","recipientUserId","string","YES","Usuário ou cliente obrigatório","MVP","PERSONAL","ENT-USER"
"NOT-RECIPIENT-CUSTOMER","ENT-NOTIFICATION","Cliente destinatário","recipientCustomerId","UUID","recipient_customer_id","uuid","recipientCustomerId","string","YES","Usuário ou cliente obrigatório","MVP","PERSONAL","ENT-CUSTOMER"
"NOT-CHANNEL","ENT-NOTIFICATION","Canal","channel","NotificationChannel","channel","varchar(20)","channel","NotificationChannel","NO","Enum canônico","MVP","INTERNAL","NotificationChannel"
"NOT-TYPE","ENT-NOTIFICATION","Tipo","type","String","type","varchar(80)","type","string","NO","Código estável","MVP","INTERNAL","RN-NOT-001"
"NOT-TEMPLATE-KEY","ENT-NOTIFICATION","Template","templateKey","String","template_key","varchar(120)","templateKey","string","YES","Chave existente","MVP","INTERNAL","ENT-MESSAGE-TEMPLATE"
"NOT-REFERENCE-TYPE","ENT-NOTIFICATION","Tipo de origem","referenceType","String","reference_type","varchar(80)","referenceType","string","YES","Código estável","MVP","INTERNAL","RN-NOT-001"
"NOT-REFERENCE-ID","ENT-NOTIFICATION","ID da origem","referenceId","UUID","reference_id","uuid","referenceId","string","YES","Par com tipo","MVP","INTERNAL","RN-NOT-001"
"NOT-STATUS","ENT-NOTIFICATION","Estado de entrega","status","DeliveryStatus","status","varchar(30)","status","DeliveryStatus","NO","Enum canônico","MVP","INTERNAL","DeliveryStatus"
"NOT-SCHEDULED-AT","ENT-NOTIFICATION","Agendamento de envio","scheduledAt","Instant","scheduled_at","timestamptz","scheduledAt","string","NO","UTC","MVP","INTERNAL","RN-NOT-001"
"NOT-SENT-AT","ENT-NOTIFICATION","Envio","sentAt","Instant","sent_at","timestamptz","sentAt","string","YES","UTC","MVP","INTERNAL","RN-NOT-002"
"NOT-DELIVERED-AT","ENT-NOTIFICATION","Entrega","deliveredAt","Instant","delivered_at","timestamptz","deliveredAt","string","YES","UTC","INTERMEDIARIO","INTERNAL","RF-NOT-005"
"NOT-ERROR-CODE","ENT-NOTIFICATION","Código de falha","errorCode","String","error_code","varchar(120)","errorCode","string","YES","Código sanitizado","MVP","INTERNAL","RN-NOT-002"
"NOT-DEDUPE-KEY","ENT-NOTIFICATION","Deduplicação","dedupeKey","String","dedupe_key","varchar(180)","-","never","NO","Única por tenant","MVP","SECRET","RN-NOT-003"
"NPR-USER-ID","ENT-NOTIFICATION-PREFERENCE","Usuário destinatário","userId","UUID","user_id","uuid","userId","string","YES","Exatamente um entre usuário e cliente","MVP","PERSONAL","ENT-USER"
"NPR-CUSTOMER-ID","ENT-NOTIFICATION-PREFERENCE","Cliente destinatário","customerId","UUID","customer_id","uuid","customerId","string","YES","Exatamente um entre usuário e cliente","MVP","PERSONAL","ENT-CUSTOMER"
"NPR-TYPE","ENT-NOTIFICATION-PREFERENCE","Tipo de notificação","type","String","type","varchar(80)","type","string","NO","Código estável; par único com destinatário/canal","MVP","INTERNAL","RF-NOT-004"
"NPR-CHANNEL","ENT-NOTIFICATION-PREFERENCE","Canal","channel","NotificationChannel","channel","varchar(20)","channel","NotificationChannel","NO","Enum canônico","MVP","INTERNAL","NotificationChannel"
"NPR-ENABLED","ENT-NOTIFICATION-PREFERENCE","Habilitada","enabled","Boolean","enabled","boolean","enabled","boolean","NO","Obrigatórias não podem ser desabilitadas","MVP","INTERNAL","RF-NOT-004"
"CCO-CUSTOMER-ID","ENT-CUSTOMER-CONSENT","Cliente","customerId","UUID","customer_id","uuid","customerId","string","NO","FK do tenant","INTERMEDIARIO","PERSONAL","ENT-CUSTOMER"
"CCO-PURPOSE","ENT-CUSTOMER-CONSENT","Finalidade","purpose","ConsentPurpose","purpose","varchar(30)","purpose","ConsentPurpose","NO","TRANSACTIONAL MARKETING ANALYTICS","INTERMEDIARIO","PERSONAL","RF-CRM-003"
"CCO-CHANNEL","ENT-CUSTOMER-CONSENT","Canal","channel","NotificationChannel","channel","varchar(20)","channel","NotificationChannel","NO","EMAIL WHATSAPP SMS","INTERMEDIARIO","PERSONAL","RF-CRM-003"
"CCO-STATUS","ENT-CUSTOMER-CONSENT","Manifestação","status","ConsentStatus","status","varchar(20)","status","ConsentStatus","NO","GRANTED WITHDRAWN OPTED_OUT","INTERMEDIARIO","PERSONAL","RF-CRM-003"
"CCO-SOURCE","ENT-CUSTOMER-CONSENT","Origem da prova","source","String","source","varchar(120)","source","string","NO","Código de canal ou tela","INTERMEDIARIO","PERSONAL","RF-CRM-003"
"CCO-OCCURRED-AT","ENT-CUSTOMER-CONSENT","Ocorrência","occurredAt","Instant","occurred_at","timestamptz","occurredAt","string","NO","UTC; evento imutável","INTERMEDIARIO","PERSONAL","RF-CRM-003"
"CCO-POLICY-VERSION","ENT-CUSTOMER-CONSENT","Versão da política","policyVersion","String","policy_version","varchar(80)","policyVersion","string","NO","Versão publicada e imutável","INTERMEDIARIO","PERSONAL","RF-CRM-003"
"CCO-PROOF-REFERENCE","ENT-CUSTOMER-CONSENT","Referência da prova","proofReference","String","proof_reference","varchar(255)","proofReference","string","YES","Hash ou ID externo; nunca conteúdo bruto","INTERMEDIARIO","PERSONAL","RF-CRM-003"
"AUD-ACTOR-ID","ENT-AUDIT-LOG","Autor","actorUserId","UUID","actor_user_id","uuid","actorUserId","string","YES","Nulo para sistema","MVP","INTERNAL","ENT-USER"
"AUD-TENANT-ID","ENT-AUDIT-LOG","Tenant relacionado","tenantId","UUID","tenant_id","uuid","tenantId","string","YES","FK","MVP","INTERNAL","ENT-TENANT"
"AUD-ACTION","ENT-AUDIT-LOG","Ação","action","String","action","varchar(120)","action","string","NO","Código estável","MVP","INTERNAL","RNF-SEG-005"
"AUD-RESOURCE-TYPE","ENT-AUDIT-LOG","Tipo do recurso","resourceType","String","resource_type","varchar(80)","resourceType","string","NO","Código estável","MVP","INTERNAL","RNF-SEG-005"
"AUD-RESOURCE-ID","ENT-AUDIT-LOG","ID do recurso","resourceId","UUID","resource_id","uuid","resourceId","string","YES","UUID","MVP","INTERNAL","RNF-SEG-005"
"AUD-BEFORE","ENT-AUDIT-LOG","Estado anterior sanitizado","beforeJson","JsonNode","before_json","jsonb","-","never","YES","Sem segredos","MVP","PERSONAL","RNF-SEG-008"
"AUD-AFTER","ENT-AUDIT-LOG","Estado novo sanitizado","afterJson","JsonNode","after_json","jsonb","-","never","YES","Sem segredos","MVP","PERSONAL","RNF-SEG-008"
"AUD-CORRELATION-ID","ENT-AUDIT-LOG","Correlação","correlationId","String","correlation_id","varchar(100)","correlationId","string","NO","Gerado na borda","MVP","INTERNAL","ADR-014"
"OBX-AGGREGATE-TYPE","ENT-OUTBOX-EVENT","Tipo agregado","aggregateType","String","aggregate_type","varchar(80)","-","never","NO","Código estável","MVP","INTERNAL","ADR-001"
"OBX-AGGREGATE-ID","ENT-OUTBOX-EVENT","ID agregado","aggregateId","UUID","aggregate_id","uuid","-","never","NO","UUID","MVP","INTERNAL","ADR-001"
"OBX-EVENT-TYPE","ENT-OUTBOX-EVENT","Tipo de evento","eventType","String","event_type","varchar(120)","-","never","NO","Código estável","MVP","INTERNAL","ADR-001"
"OBX-PAYLOAD","ENT-OUTBOX-EVENT","Payload","payloadJson","JsonNode","payload_json","jsonb","-","never","NO","Versionado e mínimo","MVP","INTERNAL","ADR-001"
"OBX-STATUS","ENT-OUTBOX-EVENT","Estado","status","String","status","varchar(20)","-","never","NO","PENDING PROCESSING DONE FAILED","MVP","INTERNAL","RN-NOT-002"
"OBX-ATTEMPTS","ENT-OUTBOX-EVENT","Tentativas","attempts","Integer","attempts","integer","-","never","NO",">=0","MVP","INTERNAL","RN-NOT-002"
"OBX-NEXT-AT","ENT-OUTBOX-EVENT","Próxima tentativa","nextAttemptAt","Instant","next_attempt_at","timestamptz","-","never","YES","UTC","MVP","INTERNAL","RN-NOT-002"
"CSH-UNIT-ID","ENT-CASH-SESSION","Unidade","unitId","UUID","unit_id","uuid","unitId","string","NO","FK do tenant","INTERMEDIARIO","INTERNAL","ENT-UNIT"
"CSH-OPENED-BY","ENT-CASH-SESSION","Abertura por","openedBy","UUID","opened_by","uuid","openedBy","string","NO","FK usuário","INTERMEDIARIO","INTERNAL","RF-CXA-001"
"CSH-OPENED-AT","ENT-CASH-SESSION","Abertura","openedAt","Instant","opened_at","timestamptz","openedAt","string","NO","UTC","INTERMEDIARIO","INTERNAL","RF-CXA-001"
"CSH-OPENING-AMOUNT","ENT-CASH-SESSION","Saldo inicial","openingAmount","BigDecimal","opening_amount","numeric(19,2)","openingAmount","string","NO",">=0","INTERMEDIARIO","INTERNAL","RF-CXA-002"
"CSH-STATUS","ENT-CASH-SESSION","Estado","status","CashStatus","status","varchar(20)","status","CashStatus","NO","Enum canônico","INTERMEDIARIO","INTERNAL","CashStatus"
"CSH-CLOSED-BY","ENT-CASH-SESSION","Fechamento por","closedBy","UUID","closed_by","uuid","closedBy","string","YES","FK usuário","INTERMEDIARIO","INTERNAL","RF-CXA-004"
"CSH-CLOSED-AT","ENT-CASH-SESSION","Fechamento","closedAt","Instant","closed_at","timestamptz","closedAt","string","YES","UTC","INTERMEDIARIO","INTERNAL","RF-CXA-004"
"CSH-EXPECTED","ENT-CASH-SESSION","Saldo esperado","expectedAmount","BigDecimal","expected_amount","numeric(19,2)","expectedAmount","string","YES","Congelado no fechamento","INTERMEDIARIO","INTERNAL","RN-CXA-002"
"CSH-COUNTED","ENT-CASH-SESSION","Saldo contado","countedAmount","BigDecimal","counted_amount","numeric(19,2)","countedAmount","string","YES",">=0","INTERMEDIARIO","INTERNAL","RN-CXA-002"
"CSH-DIFFERENCE","ENT-CASH-SESSION","Diferença","differenceAmount","BigDecimal","difference_amount","numeric(19,2)","differenceAmount","string","YES","counted-expected","INTERMEDIARIO","INTERNAL","RN-CXA-002"
"CSM-CASH-ID","ENT-CASH-MOVEMENT","Caixa","cashSessionId","UUID","cash_session_id","uuid","cashSessionId","string","NO","FK","INTERMEDIARIO","INTERNAL","ENT-CASH-SESSION"
"CSM-TYPE","ENT-CASH-MOVEMENT","Tipo","type","String","type","varchar(30)","type","string","NO","OPENING PAYMENT SUPPLY WITHDRAWAL REFUND ADJUSTMENT","INTERMEDIARIO","INTERNAL","RF-CXA-006"
"CSM-AMOUNT","ENT-CASH-MOVEMENT","Valor absoluto","amount","BigDecimal","amount","numeric(19,2)","amount","string","NO",">0; direção contábil derivada do tipo","INTERMEDIARIO","INTERNAL","RN-PAG-002"
"CSM-PAYMENT-ID","ENT-CASH-MOVEMENT","Pagamento relacionado","paymentId","UUID","payment_id","uuid","paymentId","string","YES","FK","INTERMEDIARIO","INTERNAL","ENT-PAYMENT"
"CSM-REASON","ENT-CASH-MOVEMENT","Motivo","reason","String","reason","varchar(500)","reason","string","YES","Obrigatório em ajuste","INTERMEDIARIO","INTERNAL","RF-CXA-003"
"CSM-CREATED-BY","ENT-CASH-MOVEMENT","Autor","createdBy","UUID","created_by","uuid","createdBy","string","NO","Usuário autorizado; sistema usa identidade técnica","INTERMEDIARIO","INTERNAL","ENT-USER"
"PAY-APPOINTMENT-ID","ENT-PAYMENT","Agendamento","appointmentId","UUID","appointment_id","uuid","appointmentId","string","YES","FK","INTERMEDIARIO","INTERNAL","ENT-APPOINTMENT"
"PAY-GROUP-ID","ENT-PAYMENT","Grupo de recebimento","groupId","UUID","group_id","uuid","groupId","string","NO","Mesmo UUID para os meios do comando","INTERMEDIARIO","INTERNAL","RN-PAG-005"
"PAY-CASH-ID","ENT-PAYMENT","Caixa","cashSessionId","UUID","cash_session_id","uuid","cashSessionId","string","YES","Obrigatório para meio local","INTERMEDIARIO","INTERNAL","ENT-CASH-SESSION"
"PAY-PURPOSE","ENT-PAYMENT","Finalidade","purpose","PaymentPurpose","purpose","varchar(30)","purpose","PaymentPurpose","NO","APPOINTMENT_SETTLEMENT DEPOSIT PRODUCT_SALE","INTERMEDIARIO","INTERNAL","RF-PAG-001"
"PAY-METHOD","ENT-PAYMENT","Meio","method","PaymentMethod","method","varchar(30)","method","PaymentMethod","NO","Enum canônico","INTERMEDIARIO","INTERNAL","PaymentMethod"
"PAY-STATUS","ENT-PAYMENT","Estado","status","PaymentStatus","status","varchar(30)","status","PaymentStatus","NO","Enum canônico","INTERMEDIARIO","INTERNAL","PaymentStatus"
"PAY-AMOUNT","ENT-PAYMENT","Valor","amount","BigDecimal","amount","numeric(19,2)","amount","string","NO",">0","INTERMEDIARIO","INTERNAL","RN-PAG-001"
"PAY-EXTERNAL-ID","ENT-PAYMENT","ID do provedor","externalId","String","external_id","varchar(160)","externalId","string","YES","Único por integração","FINAL","SECRET","RN-PAG-004"
"PAY-IDEMPOTENCY","ENT-PAYMENT","Idempotência","idempotencyKey","String","idempotency_key","varchar(120)","-","never","NO","Única por tenant","INTERMEDIARIO","SECRET","RN-PAG-004"
"PAY-PAID-AT","ENT-PAYMENT","Confirmação","paidAt","Instant","paid_at","timestamptz","paidAt","string","YES","UTC","INTERMEDIARIO","INTERNAL","RF-PAG-001"
"RFD-PAYMENT-ID","ENT-REFUND","Pagamento","paymentId","UUID","payment_id","uuid","paymentId","string","NO","FK","INTERMEDIARIO","INTERNAL","ENT-PAYMENT"
"RFD-AMOUNT","ENT-REFUND","Valor","amount","BigDecimal","amount","numeric(19,2)","amount","string","NO",">0 e <= disponível","INTERMEDIARIO","INTERNAL","RF-PAG-005"
"RFD-STATUS","ENT-REFUND","Estado","status","PaymentStatus","status","varchar(30)","status","PaymentStatus","NO","PENDING CONFIRMED FAILED","INTERMEDIARIO","INTERNAL","RF-PAG-005"
"RFD-REASON","ENT-REFUND","Motivo","reason","String","reason","varchar(500)","reason","string","NO","2..500","INTERMEDIARIO","INTERNAL","RF-PAG-005"
"RFD-EXTERNAL-ID","ENT-REFUND","ID do provedor","externalId","String","external_id","varchar(160)","externalId","string","YES","Único por integração","FINAL","SECRET","RN-PAG-004"
"RFD-REFUNDED-AT","ENT-REFUND","Reembolso","refundedAt","Instant","refunded_at","timestamptz","refundedAt","string","YES","UTC","INTERMEDIARIO","INTERNAL","RF-PAG-005"
"PCT-NAME","ENT-PRODUCT-CATEGORY","Nome","name","String","name","varchar(100)","name","string","NO","Único ativo por tenant","INTERMEDIARIO","INTERNAL","RF-EST-001"
"PCT-ACTIVE","ENT-PRODUCT-CATEGORY","Ativa","active","Boolean","active","boolean","active","boolean","NO","Padrão true","INTERMEDIARIO","INTERNAL","RF-EST-001"
"PRD-CATEGORY-ID","ENT-PRODUCT","Categoria","categoryId","UUID","category_id","uuid","categoryId","string","YES","FK","INTERMEDIARIO","INTERNAL","ENT-PRODUCT-CATEGORY"
"PRD-SKU","ENT-PRODUCT","SKU","sku","String","sku","varchar(80)","sku","string","YES","Único por tenant quando informado","INTERMEDIARIO","INTERNAL","RF-EST-001"
"PRD-NAME","ENT-PRODUCT","Nome","name","String","name","varchar(160)","name","string","NO","2..160","INTERMEDIARIO","PUBLIC","RF-EST-001"
"PRD-COST","ENT-PRODUCT","Custo de referência","costPrice","BigDecimal","cost_price","numeric(19,2)","costPrice","string","NO",">=0","INTERMEDIARIO","INTERNAL","RF-EST-003"
"PRD-SALE-PRICE","ENT-PRODUCT","Preço de venda","salePrice","BigDecimal","sale_price","numeric(19,2)","salePrice","string","NO",">=0","INTERMEDIARIO","PUBLIC","RF-EST-004"
"PRD-UOM","ENT-PRODUCT","Unidade de medida","unitOfMeasure","String","unit_of_measure","varchar(20)","unitOfMeasure","string","NO","UNIT ML G L G KG","INTERMEDIARIO","INTERNAL","RF-EST-001"
"PRD-MIN-STOCK","ENT-PRODUCT","Estoque mínimo","minimumStock","BigDecimal","minimum_stock","numeric(19,3)","minimumStock","string","NO",">=0","INTERMEDIARIO","INTERNAL","RF-EST-007"
"PRD-ACTIVE","ENT-PRODUCT","Ativo","active","Boolean","active","boolean","active","boolean","NO","Padrão true","INTERMEDIARIO","INTERNAL","RF-EST-001"
"SUP-LEGAL-NAME","ENT-SUPPLIER","Nome ou razão social","legalName","String","legal_name","varchar(180)","legalName","string","NO","2..180","INTERMEDIARIO","PERSONAL","RF-EST-002"
"SUP-DOCUMENT","ENT-SUPPLIER","Documento","document","String","document","varchar(14)","document","string","YES","11 ou 14 dígitos","INTERMEDIARIO","PERSONAL","RF-EST-002"
"SUP-EMAIL","ENT-SUPPLIER","E-mail","email","String","email","varchar(254)","email","string","YES","Válido","INTERMEDIARIO","PERSONAL","RF-EST-002"
"SUP-PHONE","ENT-SUPPLIER","Telefone","phone","String","phone","varchar(20)","phone","string","YES","E.164 quando possível","INTERMEDIARIO","PERSONAL","RF-EST-002"
"STM-UNIT-ID","ENT-STOCK-MOVEMENT","Unidade","unitId","UUID","unit_id","uuid","unitId","string","NO","FK","INTERMEDIARIO","INTERNAL","ENT-UNIT"
"STM-PRODUCT-ID","ENT-STOCK-MOVEMENT","Produto","productId","UUID","product_id","uuid","productId","string","NO","FK","INTERMEDIARIO","INTERNAL","ENT-PRODUCT"
"STM-TYPE","ENT-STOCK-MOVEMENT","Tipo","type","StockMovementType","type","varchar(30)","type","StockMovementType","NO","Enum canônico","INTERMEDIARIO","INTERNAL","StockMovementType"
"STM-QUANTITY","ENT-STOCK-MOVEMENT","Quantidade assinada","quantity","BigDecimal","quantity","numeric(19,3)","quantity","string","NO","Não zero","INTERMEDIARIO","INTERNAL","RN-EST-001"
"STM-UNIT-COST","ENT-STOCK-MOVEMENT","Custo unitário","unitCost","BigDecimal","unit_cost","numeric(19,2)","unitCost","string","YES",">=0","INTERMEDIARIO","INTERNAL","RF-EST-010"
"STM-REFERENCE-TYPE","ENT-STOCK-MOVEMENT","Origem","referenceType","String","reference_type","varchar(60)","referenceType","string","YES","Código estável","INTERMEDIARIO","INTERNAL","RN-EST-003"
"STM-REFERENCE-ID","ENT-STOCK-MOVEMENT","ID de origem","referenceId","UUID","reference_id","uuid","referenceId","string","YES","Par com tipo","INTERMEDIARIO","INTERNAL","RN-EST-003"
"STM-REASON","ENT-STOCK-MOVEMENT","Motivo","reason","String","reason","varchar(500)","reason","string","YES","Obrigatório em ajuste/perda","INTERMEDIARIO","INTERNAL","RF-EST-006"
"STM-OCCURRED-AT","ENT-STOCK-MOVEMENT","Ocorrência","occurredAt","Instant","occurred_at","timestamptz","occurredAt","string","NO","UTC","INTERMEDIARIO","INTERNAL","RN-EST-003"
"LPR-NAME","ENT-LOYALTY-PROGRAM","Nome","name","String","name","varchar(120)","name","string","NO","2..120","INTERMEDIARIO","PUBLIC","RF-FID-001"
"LPR-POINTS-RATE","ENT-LOYALTY-PROGRAM","Pontos por moeda","pointsPerCurrency","BigDecimal","points_per_currency","numeric(12,4)","pointsPerCurrency","string","NO",">=0","INTERMEDIARIO","INTERNAL","RF-FID-002"
"LPR-EXPIRY-DAYS","ENT-LOYALTY-PROGRAM","Validade em dias","expiryDays","Integer","expiry_days","integer","expiryDays","number","YES",">0","INTERMEDIARIO","INTERNAL","RF-FID-002"
"LPR-ACTIVE","ENT-LOYALTY-PROGRAM","Ativo","active","Boolean","active","boolean","active","boolean","NO","Padrão true","INTERMEDIARIO","INTERNAL","RF-FID-001"
"LAC-PROGRAM-ID","ENT-LOYALTY-ACCOUNT","Programa","programId","UUID","program_id","uuid","programId","string","NO","FK","INTERMEDIARIO","INTERNAL","ENT-LOYALTY-PROGRAM"
"LAC-CUSTOMER-ID","ENT-LOYALTY-ACCOUNT","Cliente","customerId","UUID","customer_id","uuid","customerId","string","NO","Par único por programa","INTERMEDIARIO","PERSONAL","ENT-CUSTOMER"
"LAC-STATUS","ENT-LOYALTY-ACCOUNT","Estado","status","String","status","varchar(20)","status","string","NO","ACTIVE SUSPENDED CLOSED","INTERMEDIARIO","INTERNAL","RF-FID-001"
"LTR-ACCOUNT-ID","ENT-LOYALTY-TRANSACTION","Conta","accountId","UUID","account_id","uuid","accountId","string","NO","FK","INTERMEDIARIO","INTERNAL","ENT-LOYALTY-ACCOUNT"
"LTR-TYPE","ENT-LOYALTY-TRANSACTION","Tipo","type","String","type","varchar(20)","type","string","NO","CREDIT DEBIT REVERSAL EXPIRY","INTERMEDIARIO","INTERNAL","RN-FID-004"
"LTR-POINTS","ENT-LOYALTY-TRANSACTION","Pontos assinados","points","Long","points","bigint","points","number","NO","Não zero","INTERMEDIARIO","INTERNAL","RN-FID-004"
"LTR-REFERENCE-TYPE","ENT-LOYALTY-TRANSACTION","Origem","referenceType","String","reference_type","varchar(60)","referenceType","string","NO","Código estável","INTERMEDIARIO","INTERNAL","RN-FID-001"
"LTR-REFERENCE-ID","ENT-LOYALTY-TRANSACTION","ID de origem","referenceId","UUID","reference_id","uuid","referenceId","string","NO","UUID","INTERMEDIARIO","INTERNAL","RN-FID-001"
"LTR-REASON","ENT-LOYALTY-TRANSACTION","Motivo","reason","String","reason","varchar(500)","reason","string","YES","Obrigatório em ajuste operacional; até 500","INTERMEDIARIO","INTERNAL","RN-FID-004"
"LTR-EXPIRES-AT","ENT-LOYALTY-TRANSACTION","Expiração","expiresAt","Instant","expires_at","timestamptz","expiresAt","string","YES","UTC","INTERMEDIARIO","INTERNAL","RN-FID-003"
"CPL-NAME","ENT-CUSTOMER-PLAN","Nome","name","String","name","varchar(120)","name","string","NO","2..120","INTERMEDIARIO","PUBLIC","RF-FID-005"
"CPL-PRICE","ENT-CUSTOMER-PLAN","Preço","price","BigDecimal","price","numeric(19,2)","price","string","NO",">=0","INTERMEDIARIO","PUBLIC","RF-FID-005"
"CPL-VALIDITY-DAYS","ENT-CUSTOMER-PLAN","Validade","validityDays","Integer","validity_days","integer","validityDays","number","YES",">0","INTERMEDIARIO","INTERNAL","RF-FID-005"
"CPL-BILLING-CYCLE","ENT-CUSTOMER-PLAN","Ciclo","billingCycle","String","billing_cycle","varchar(20)","billingCycle","string","YES","ONE_TIME MONTHLY","INTERMEDIARIO","INTERNAL","RF-FID-007"
"CPL-ACTIVE","ENT-CUSTOMER-PLAN","Ativo","active","Boolean","active","boolean","active","boolean","NO","Padrão true","INTERMEDIARIO","INTERNAL","RF-FID-005"
"CPI-PLAN-ID","ENT-CUSTOMER-PLAN-ITEM","Plano","planId","UUID","plan_id","uuid","planId","string","NO","FK; par único com serviço","INTERMEDIARIO","INTERNAL","ENT-CUSTOMER-PLAN"
"CPI-SERVICE-ID","ENT-CUSTOMER-PLAN-ITEM","Serviço","serviceId","UUID","service_id","uuid","serviceId","string","NO","FK do tenant","INTERMEDIARIO","INTERNAL","ENT-SERVICE"
"CPI-CREDITS","ENT-CUSTOMER-PLAN-ITEM","Créditos incluídos","credits","Integer","credits","integer","credits","number","NO","1..10000","INTERMEDIARIO","INTERNAL","RF-FID-005"
"CPS-CUSTOMER-ID","ENT-CUSTOMER-PLAN-SUBSCRIPTION","Cliente","customerId","UUID","customer_id","uuid","customerId","string","NO","FK","INTERMEDIARIO","PERSONAL","ENT-CUSTOMER"
"CPS-PLAN-ID","ENT-CUSTOMER-PLAN-SUBSCRIPTION","Plano","planId","UUID","plan_id","uuid","planId","string","NO","FK","INTERMEDIARIO","INTERNAL","ENT-CUSTOMER-PLAN"
"CPS-STATUS","ENT-CUSTOMER-PLAN-SUBSCRIPTION","Estado","status","String","status","varchar(20)","status","string","NO","ACTIVE PAUSED CANCELED EXPIRED","INTERMEDIARIO","INTERNAL","RF-FID-007"
"CPS-STARTS-AT","ENT-CUSTOMER-PLAN-SUBSCRIPTION","Início","startsAt","Instant","starts_at","timestamptz","startsAt","string","NO","UTC","INTERMEDIARIO","INTERNAL","RF-FID-007"
"CPS-ENDS-AT","ENT-CUSTOMER-PLAN-SUBSCRIPTION","Fim","endsAt","Instant","ends_at","timestamptz","endsAt","string","YES","UTC","INTERMEDIARIO","INTERNAL","RF-FID-007"
"MTP-CHANNEL","ENT-MESSAGE-TEMPLATE","Canal","channel","NotificationChannel","channel","varchar(20)","channel","NotificationChannel","NO","Enum canônico","INTERMEDIARIO","INTERNAL","NotificationChannel"
"MTP-KEY","ENT-MESSAGE-TEMPLATE","Chave","key","String","template_key","varchar(120)","key","string","NO","Única por tenant/canal","INTERMEDIARIO","INTERNAL","RF-CRM-005"
"MTP-NAME","ENT-MESSAGE-TEMPLATE","Nome","name","String","name","varchar(120)","name","string","NO","2..120","INTERMEDIARIO","INTERNAL","RF-CRM-005"
"MTP-PURPOSE","ENT-MESSAGE-TEMPLATE","Finalidade","purpose","ConsentPurpose","purpose","varchar(30)","purpose","ConsentPurpose","NO","TRANSACTIONAL MARKETING","INTERMEDIARIO","INTERNAL","RF-CRM-005"
"MTP-SUBJECT","ENT-MESSAGE-TEMPLATE","Assunto","subject","String","subject","varchar(160)","subject","string","YES","Obrigatório para e-mail; até 160","INTERMEDIARIO","PERSONAL","RF-CRM-005"
"MTP-BODY","ENT-MESSAGE-TEMPLATE","Corpo","body","String","body","text","body","string","NO","Variáveis permitidas; limite por canal","INTERMEDIARIO","PERSONAL","RF-CRM-005"
"MTP-LANGUAGE","ENT-MESSAGE-TEMPLATE","Idioma","language","String","language","varchar(16)","language","string","NO","BCP 47","INTERMEDIARIO","INTERNAL","RF-CRM-005"
"MTP-PROVIDER-ID","ENT-MESSAGE-TEMPLATE","ID no provedor","providerTemplateId","String","provider_template_id","varchar(160)","providerTemplateId","string","YES","Único por conexão","INTERMEDIARIO","SECRET","RF-NOT-005"
"MTP-STATUS","ENT-MESSAGE-TEMPLATE","Estado","status","String","status","varchar(20)","status","string","NO","DRAFT PENDING APPROVED REJECTED INACTIVE","INTERMEDIARIO","INTERNAL","RF-CRM-005"
"INC-UNIT-ID","ENT-INTEGRATION-CONNECTION","Unidade opcional","unitId","UUID","unit_id","uuid","unitId","string","YES","FK","INTERMEDIARIO","INTERNAL","ENT-UNIT"
"INC-TYPE","ENT-INTEGRATION-CONNECTION","Tipo","type","String","type","varchar(40)","type","string","NO","WHATSAPP GOOGLE_CALENDAR PAYMENT EMAIL","INTERMEDIARIO","INTERNAL","RF-INT-005"
"INC-STATUS","ENT-INTEGRATION-CONNECTION","Estado","status","String","status","varchar(20)","status","string","NO","CONNECTED DEGRADED EXPIRED DISCONNECTED","INTERMEDIARIO","INTERNAL","RF-INT-005"
"INC-EXTERNAL-ID","ENT-INTEGRATION-CONNECTION","Conta externa","externalAccountId","String","external_account_id","varchar(180)","externalAccountId","string","YES","ID do provedor","INTERMEDIARIO","SECRET","RF-INT-001"
"INC-CREDENTIAL-REF","ENT-INTEGRATION-CONNECTION","Referência ao segredo","credentialReference","String","credential_reference","varchar(255)","-","never","YES","Secret manager; não contém segredo","INTERMEDIARIO","SECRET","RNF-SEG-004"
"INC-SCOPES","ENT-INTEGRATION-CONNECTION","Escopos","scopes","Set<String>","scopes","jsonb","scopes","string[]","YES","Lista permitida","INTERMEDIARIO","SECRET","RF-INT-001"
"INC-EXPIRES-AT","ENT-INTEGRATION-CONNECTION","Expiração de autorização","expiresAt","Instant","expires_at","timestamptz","expiresAt","string","YES","UTC","INTERMEDIARIO","SECRET","RF-INT-001"
"INC-LAST-SYNC","ENT-INTEGRATION-CONNECTION","Última sincronização","lastSyncAt","Instant","last_sync_at","timestamptz","lastSyncAt","string","YES","UTC","INTERMEDIARIO","INTERNAL","RF-INT-002"
"SAP-CODE","ENT-SAAS-PLAN","Código","code","String","code","varchar(60)","code","string","NO","Único e imutável","INTERMEDIARIO","INTERNAL","RF-ADM-004"
"SAP-NAME","ENT-SAAS-PLAN","Nome","name","String","name","varchar(120)","name","string","NO","2..120","INTERMEDIARIO","PUBLIC","RF-ADM-004"
"SAP-MONTHLY-PRICE","ENT-SAAS-PLAN","Preço mensal","monthlyPrice","BigDecimal","monthly_price","numeric(19,2)","monthlyPrice","string","NO",">=0; versionado","INTERMEDIARIO","PUBLIC","RF-ADM-004"
"SAP-ANNUAL-PRICE","ENT-SAAS-PLAN","Preço anual","annualPrice","BigDecimal","annual_price","numeric(19,2)","annualPrice","string","NO",">=0; versionado","INTERMEDIARIO","PUBLIC","RF-ADM-004"
"SAP-LIMITS","ENT-SAAS-PLAN","Limites comerciais","limits","Map<String, Long>","limits","jsonb","limits","Record<string, number>","NO","Chaves aprovadas; valores >=0","INTERMEDIARIO","INTERNAL","RN-ASS-002"
"SAP-FEATURES","ENT-SAAS-PLAN","Recursos incluídos","features","Set<String>","features","jsonb","features","string[]","NO","Chaves de feature aprovadas","INTERMEDIARIO","INTERNAL","RN-ASS-001"
"SAP-ACTIVE","ENT-SAAS-PLAN","Ativo","active","Boolean","active","boolean","active","boolean","NO","Padrão true","INTERMEDIARIO","INTERNAL","RF-ADM-004"
"SAP-EFFECTIVE-FROM","ENT-SAAS-PLAN","Início da vigência","effectiveFrom","LocalDate","effective_from","date","effectiveFrom","string","NO","Data civil; nova versão para alterar preço","INTERMEDIARIO","INTERNAL","RF-ADM-004"
"SAP-EFFECTIVE-TO","ENT-SAAS-PLAN","Fim da vigência","effectiveTo","LocalDate","effective_to","date","effectiveTo","string","YES",">= início","INTERMEDIARIO","INTERNAL","RF-ADM-004"
"SUB-PLAN-ID","ENT-SUBSCRIPTION","Plano","planId","UUID","plan_id","uuid","planId","string","NO","FK","INTERMEDIARIO","INTERNAL","ENT-SAAS-PLAN"
"SUB-STATUS","ENT-SUBSCRIPTION","Estado","status","SubscriptionStatus","status","varchar(20)","status","SubscriptionStatus","NO","Enum canônico","INTERMEDIARIO","INTERNAL","SubscriptionStatus"
"SUB-BILLING-CYCLE","ENT-SUBSCRIPTION","Ciclo","billingCycle","String","billing_cycle","varchar(20)","billingCycle","string","NO","MONTHLY ANNUAL","INTERMEDIARIO","INTERNAL","RF-ASS-002"
"SUB-TRIAL-END","ENT-SUBSCRIPTION","Fim do trial","trialEndsAt","Instant","trial_ends_at","timestamptz","trialEndsAt","string","YES","UTC","INTERMEDIARIO","INTERNAL","RF-ASS-001"
"SUB-PERIOD-START","ENT-SUBSCRIPTION","Início do período","currentPeriodStart","Instant","current_period_start","timestamptz","currentPeriodStart","string","NO","UTC","INTERMEDIARIO","INTERNAL","RF-ASS-002"
"SUB-PERIOD-END","ENT-SUBSCRIPTION","Fim do período","currentPeriodEnd","Instant","current_period_end","timestamptz","currentPeriodEnd","string","NO","> início","INTERMEDIARIO","INTERNAL","RF-ASS-002"
"SUB-EXTERNAL-CUSTOMER","ENT-SUBSCRIPTION","Cliente no gateway","externalCustomerId","String","external_customer_id","varchar(160)","-","never","YES","Único no provedor","INTERMEDIARIO","SECRET","RF-ASS-010"
"SUB-EXTERNAL-SUBSCRIPTION","ENT-SUBSCRIPTION","Assinatura no gateway","externalSubscriptionId","String","external_subscription_id","varchar(160)","-","never","YES","Único no provedor","INTERMEDIARIO","SECRET","RF-ASS-010"
"SUB-CANCEL-AT","ENT-SUBSCRIPTION","Cancelamento efetivo","cancelAt","Instant","cancel_at","timestamptz","cancelAt","string","YES","UTC","INTERMEDIARIO","INTERNAL","RF-ASS-005"
"FEN-SUBSCRIPTION-ID","ENT-FEATURE-ENTITLEMENT","Assinatura","subscriptionId","UUID","subscription_id","uuid","subscriptionId","string","NO","FK","INTERMEDIARIO","INTERNAL","ENT-SUBSCRIPTION"
"FEN-FEATURE-KEY","ENT-FEATURE-ENTITLEMENT","Recurso","featureKey","String","feature_key","varchar(100)","featureKey","string","NO","Código estável","INTERMEDIARIO","INTERNAL","RN-ASS-001"
"FEN-ENABLED","ENT-FEATURE-ENTITLEMENT","Habilitado","enabled","Boolean","enabled","boolean","enabled","boolean","NO","Padrão false","INTERMEDIARIO","INTERNAL","RN-ASS-001"
"FEN-LIMIT","ENT-FEATURE-ENTITLEMENT","Limite","limitValue","Long","limit_value","bigint","limitValue","number","YES",">=0","INTERMEDIARIO","INTERNAL","RN-ASS-002"
"FEN-VALID-FROM","ENT-FEATURE-ENTITLEMENT","Vigência inicial","validFrom","Instant","valid_from","timestamptz","validFrom","string","NO","UTC","INTERMEDIARIO","INTERNAL","RN-ASS-001"
"FEN-VALID-TO","ENT-FEATURE-ENTITLEMENT","Vigência final","validTo","Instant","valid_to","timestamptz","validTo","string","YES","> início","INTERMEDIARIO","INTERNAL","RN-ASS-001"
"CAM-NAME","ENT-CAMPAIGN","Nome","name","String","name","varchar(160)","name","string","NO","2..160","FINAL","INTERNAL","RF-CRM-007"
"CAM-STATUS","ENT-CAMPAIGN","Estado","status","String","status","varchar(20)","status","string","NO","DRAFT SCHEDULED RUNNING COMPLETED CANCELED","FINAL","INTERNAL","RF-CRM-007"
"CAM-SEGMENT","ENT-CAMPAIGN","Definição do público","segmentDefinition","JsonNode","segment_definition","jsonb","segmentDefinition","object","NO","Schema versionado","FINAL","PERSONAL","RF-CRM-007"
"CAM-TEMPLATE-ID","ENT-CAMPAIGN","Template","templateId","UUID","template_id","uuid","templateId","string","NO","FK","FINAL","INTERNAL","ENT-MESSAGE-TEMPLATE"
"CAM-SCHEDULED-AT","ENT-CAMPAIGN","Agendamento","scheduledAt","Instant","scheduled_at","timestamptz","scheduledAt","string","YES","UTC","FINAL","INTERNAL","RF-CRM-007"
"CRA-NAME","ENT-CRM-AUTOMATION","Nome","name","String","name","varchar(160)","name","string","NO","2..160","FINAL","INTERNAL","RF-CRM-008"
"CRA-TRIGGER","ENT-CRM-AUTOMATION","Gatilho","trigger","String","trigger","varchar(50)","trigger","string","NO","APPOINTMENT_COMPLETED CUSTOMER_BIRTHDAY CUSTOMER_INACTIVE RETURN_DUE","FINAL","INTERNAL","RF-CRM-008"
"CRA-DELAY-MINUTES","ENT-CRM-AUTOMATION","Atraso","delayMinutes","Integer","delay_minutes","integer","delayMinutes","number","NO","0..525600","FINAL","INTERNAL","RF-CRM-008"
"CRA-CONDITIONS","ENT-CRM-AUTOMATION","Condições","conditions","JsonNode","conditions","jsonb","conditions","object","YES","Schema versionado e lista permitida","FINAL","PERSONAL","RF-CRM-008"
"CRA-CHANNEL","ENT-CRM-AUTOMATION","Canal","channel","NotificationChannel","channel","varchar(20)","channel","NotificationChannel","NO","EMAIL WHATSAPP SMS","FINAL","INTERNAL","RF-CRM-008"
"CRA-TEMPLATE-ID","ENT-CRM-AUTOMATION","Template","templateId","UUID","template_id","uuid","templateId","string","NO","FK do tenant","FINAL","INTERNAL","ENT-MESSAGE-TEMPLATE"
"CRA-ENABLED","ENT-CRM-AUTOMATION","Habilitada","enabled","Boolean","enabled","boolean","enabled","boolean","NO","Padrão false até aprovação","FINAL","INTERNAL","RF-CRM-008"
"CTP-LIMITS","ENT-CONTACT-POLICY","Limites por canal","limits","List<ContactLimit>","limits","jsonb","limits","ContactLimit[]","NO","Canal único; máximo e janela positivos","FINAL","INTERNAL","RF-CRM-009"
"CTP-QUIET-START","ENT-CONTACT-POLICY","Início do silêncio","quietHoursStart","LocalTime","quiet_hours_start","time","quietHoursStart","string","NO","Hora civil no fuso da política","FINAL","INTERNAL","RF-CRM-009"
"CTP-QUIET-END","ENT-CONTACT-POLICY","Fim do silêncio","quietHoursEnd","LocalTime","quiet_hours_end","time","quietHoursEnd","string","NO","Intervalo pode atravessar meia-noite","FINAL","INTERNAL","RF-CRM-009"
"CTP-TIMEZONE","ENT-CONTACT-POLICY","Fuso","timeZone","ZoneId","time_zone","varchar(60)","timeZone","string","NO","IANA","FINAL","INTERNAL","RF-CRM-009"
"DPR-USER-ID","ENT-DASHBOARD-PREFERENCE","Usuário","userId","UUID","user_id","uuid","userId","string","NO","Par único por tenant","FINAL","INTERNAL","ENT-USER"
"DPR-WIDGET-KEYS","ENT-DASHBOARD-PREFERENCE","Widgets","widgetKeys","Set<String>","widget_keys","jsonb","widgetKeys","string[]","NO","Chaves conhecidas, sem repetição","FINAL","INTERNAL","RF-REL-017"
"API-CRED-NAME","ENT-API-CREDENTIAL","Nome da chave","name","String","name","varchar(120)","name","string","NO","2..120","FINAL","INTERNAL","RF-INT-006"
"API-CRED-PREFIX","ENT-API-CREDENTIAL","Prefixo identificável","prefix","String","prefix","varchar(16)","prefix","string","NO","Único; seguro para exibição","FINAL","INTERNAL","RF-INT-006"
"API-CRED-HASH","ENT-API-CREDENTIAL","Hash da chave","secretHash","String","secret_hash","varchar(255)","-","never","NO","Chave exibida uma vez","FINAL","SECRET","RF-INT-006"
"API-CRED-SCOPES","ENT-API-CREDENTIAL","Escopos","scopes","Set<String>","scopes","jsonb","scopes","string[]","NO","Lista permitida","FINAL","SECRET","RF-INT-006"
"API-CRED-STATUS","ENT-API-CREDENTIAL","Estado","status","String","status","varchar(20)","status","string","NO","ACTIVE REVOKED EXPIRED","FINAL","INTERNAL","RF-INT-006"
"API-CRED-EXPIRES-AT","ENT-API-CREDENTIAL","Expiração","expiresAt","Instant","expires_at","timestamptz","expiresAt","string","YES","UTC e futuro na criação","FINAL","INTERNAL","RF-INT-006"
"API-CRED-LAST-USED-AT","ENT-API-CREDENTIAL","Último uso","lastUsedAt","Instant","last_used_at","timestamptz","lastUsedAt","string","YES","UTC; atualizado de forma assíncrona","FINAL","INTERNAL","RF-INT-006"
"WHS-NAME","ENT-WEBHOOK-SUBSCRIPTION","Nome","name","String","name","varchar(120)","name","string","NO","2..120","FINAL","INTERNAL","RF-INT-007"
"WHS-ENDPOINT","ENT-WEBHOOK-SUBSCRIPTION","Endpoint","endpointUrl","URI","endpoint_url","varchar(500)","endpointUrl","string","NO","HTTPS","FINAL","SECRET","RF-INT-007"
"WHS-SECRET-HASH","ENT-WEBHOOK-SUBSCRIPTION","Segredo","secretHash","String","secret_hash","varchar(255)","-","never","NO","Segredo exibido uma vez","FINAL","SECRET","RF-INT-007"
"WHS-EVENTS","ENT-WEBHOOK-SUBSCRIPTION","Eventos","eventTypes","Set<String>","event_types","jsonb","eventTypes","string[]","NO","Lista permitida","FINAL","INTERNAL","RF-INT-007"
"WHS-STATUS","ENT-WEBHOOK-SUBSCRIPTION","Estado","status","String","status","varchar(20)","status","string","NO","ACTIVE PAUSED DISABLED","FINAL","INTERNAL","RF-INT-007"
"WHS-FAILURE-COUNT","ENT-WEBHOOK-SUBSCRIPTION","Falhas consecutivas","failureCount","Integer","failure_count","integer","failureCount","number","NO",">=0","FINAL","INTERNAL","RF-INT-007"
"WHS-LAST-DELIVERY-AT","ENT-WEBHOOK-SUBSCRIPTION","Última entrega","lastDeliveryAt","Instant","last_delivery_at","timestamptz","lastDeliveryAt","string","YES","UTC","FINAL","INTERNAL","RF-INT-007"
"CUP-CODE","ENT-COUPON","Código","code","String","code","varchar(40)","code","string","NO","Único; A-Z 0-9 _ -","INTERMEDIARIO","INTERNAL","RF-ADM-007"
"CUP-DISCOUNT-TYPE","ENT-COUPON","Tipo de desconto","discountType","String","discount_type","varchar(20)","discountType","string","NO","PERCENTAGE FIXED","INTERMEDIARIO","INTERNAL","RF-ADM-007"
"CUP-DISCOUNT-VALUE","ENT-COUPON","Valor do desconto","discountValue","BigDecimal","discount_value","numeric(19,2)","discountValue","string","NO",">0; percentual <=100","INTERMEDIARIO","INTERNAL","RF-ADM-007"
"CUP-ELIGIBLE-PLAN-IDS","ENT-COUPON","Planos elegíveis","eligiblePlanIds","Set<UUID>","eligible_plan_ids","jsonb","eligiblePlanIds","string[]","YES","Nulo ou vazio significa todos os planos ativos","INTERMEDIARIO","INTERNAL","RF-ADM-007"
"CUP-VALID-FROM","ENT-COUPON","Início da validade","validFrom","Instant","valid_from","timestamptz","validFrom","string","NO","UTC","INTERMEDIARIO","INTERNAL","RF-ADM-007"
"CUP-VALID-TO","ENT-COUPON","Fim da validade","validTo","Instant","valid_to","timestamptz","validTo","string","NO","> início","INTERMEDIARIO","INTERNAL","RF-ADM-007"
"CUP-MAXIMUM-USES","ENT-COUPON","Limite de usos","maximumUses","Integer","maximum_uses","integer","maximumUses","number","NO",">0","INTERMEDIARIO","INTERNAL","RF-ADM-007"
"CUP-USES","ENT-COUPON","Usos confirmados","uses","Integer","uses","integer","uses","number","NO","0..limite; atualização atômica","INTERMEDIARIO","INTERNAL","RF-ADM-007"
"CUP-ACTIVE","ENT-COUPON","Ativo","active","Boolean","active","boolean","active","boolean","NO","Padrão true","INTERMEDIARIO","INTERNAL","RF-ADM-007"
"SPS-ACTOR-USER-ID","ENT-SUPPORT-SESSION","Operador de suporte","actorUserId","UUID","actor_user_id","uuid","actorUserId","string","NO","FK global; não pode ser usuário do tenant-alvo sem privilégio","INTERMEDIARIO","INTERNAL","ENT-USER"
"SPS-REASON","ENT-SUPPORT-SESSION","Motivo","reason","String","reason","varchar(500)","reason","string","NO","10..500; obrigatório","INTERMEDIARIO","INTERNAL","RF-ADM-006"
"SPS-STARTED-AT","ENT-SUPPORT-SESSION","Início","startedAt","Instant","started_at","timestamptz","startedAt","string","NO","UTC","INTERMEDIARIO","INTERNAL","RF-ADM-006"
"SPS-EXPIRES-AT","ENT-SUPPORT-SESSION","Expiração","expiresAt","Instant","expires_at","timestamptz","expiresAt","string","NO","> início; máximo configurado","INTERMEDIARIO","INTERNAL","RF-ADM-006"
"SPS-ENDED-AT","ENT-SUPPORT-SESSION","Encerramento","endedAt","Instant","ended_at","timestamptz","endedAt","string","YES","UTC; revoga o contexto imediatamente","INTERMEDIARIO","INTERNAL","RF-ADM-006"
"POR-UNIT-ID","ENT-PURCHASE-ORDER","Unidade","unitId","UUID","unit_id","uuid","unitId","string","NO","FK","FINAL","INTERNAL","ENT-UNIT"
"POR-SUPPLIER-ID","ENT-PURCHASE-ORDER","Fornecedor","supplierId","UUID","supplier_id","uuid","supplierId","string","NO","FK","FINAL","INTERNAL","ENT-SUPPLIER"
"POR-STATUS","ENT-PURCHASE-ORDER","Estado","status","String","status","varchar(20)","status","string","NO","DRAFT ORDERED PARTIALLY_RECEIVED RECEIVED CANCELED","FINAL","INTERNAL","RF-EST-011"
"POR-EXPECTED-AT","ENT-PURCHASE-ORDER","Previsão de entrega","expectedAt","LocalDate","expected_at","date","expectedAt","string","YES","Data civil","FINAL","INTERNAL","RF-EST-011"
"POR-NOTES","ENT-PURCHASE-ORDER","Observação","notes","String","notes","varchar(1000)","notes","string","YES","Até 1000; sem HTML","FINAL","INTERNAL","RF-EST-011"
"POR-ORDERED-AT","ENT-PURCHASE-ORDER","Pedido","orderedAt","Instant","ordered_at","timestamptz","orderedAt","string","YES","UTC","FINAL","INTERNAL","RF-EST-011"
"POR-TOTAL","ENT-PURCHASE-ORDER","Total","totalAmount","BigDecimal","total_amount","numeric(19,2)","totalAmount","string","NO",">=0","FINAL","INTERNAL","RF-EST-011"
"POI-ORDER-ID","ENT-PURCHASE-ORDER-ITEM","Pedido","purchaseOrderId","UUID","purchase_order_id","uuid","purchaseOrderId","string","NO","FK","FINAL","INTERNAL","ENT-PURCHASE-ORDER"
"POI-PRODUCT-ID","ENT-PURCHASE-ORDER-ITEM","Produto","productId","UUID","product_id","uuid","productId","string","NO","FK","FINAL","INTERNAL","ENT-PRODUCT"
"POI-QUANTITY","ENT-PURCHASE-ORDER-ITEM","Quantidade pedida","quantity","BigDecimal","quantity","numeric(19,3)","quantity","string","NO",">0","FINAL","INTERNAL","RF-EST-011"
"POI-UNIT-COST","ENT-PURCHASE-ORDER-ITEM","Custo unitário","unitCost","BigDecimal","unit_cost","numeric(19,2)","unitCost","string","NO",">=0","FINAL","INTERNAL","RF-EST-011"
"POI-RECEIVED","ENT-PURCHASE-ORDER-ITEM","Quantidade recebida","receivedQuantity","BigDecimal","received_quantity","numeric(19,3)","receivedQuantity","string","NO","0..quantidade ou excesso aprovado","FINAL","INTERNAL","RF-EST-011"
"STR-SOURCE-UNIT","ENT-STOCK-TRANSFER","Origem","sourceUnitId","UUID","source_unit_id","uuid","sourceUnitId","string","NO","FK; diferente do destino","FINAL","INTERNAL","ENT-UNIT"
"STR-TARGET-UNIT","ENT-STOCK-TRANSFER","Destino","targetUnitId","UUID","target_unit_id","uuid","targetUnitId","string","NO","FK; mesmo tenant","FINAL","INTERNAL","ENT-UNIT"
"STR-CORRELATION-ID","ENT-STOCK-TRANSFER","Correlação do ledger","correlationId","UUID","correlation_id","uuid","correlationId","string","NO","Único; compartilhado pelos movimentos de saída e entrada","FINAL","INTERNAL","RN-EST-005"
"STR-NOTES","ENT-STOCK-TRANSFER","Observação","notes","String","notes","varchar(500)","notes","string","YES","Até 500; sem HTML","FINAL","INTERNAL","RF-EST-012"
"STR-STATUS","ENT-STOCK-TRANSFER","Estado","status","String","status","varchar(20)","status","string","NO","REQUESTED IN_TRANSIT COMPLETED CANCELED","FINAL","INTERNAL","RF-EST-012"
"STI-TRANSFER-ID","ENT-STOCK-TRANSFER-ITEM","Transferência","transferId","UUID","transfer_id","uuid","transferId","string","NO","FK","FINAL","INTERNAL","ENT-STOCK-TRANSFER"
"STI-PRODUCT-ID","ENT-STOCK-TRANSFER-ITEM","Produto","productId","UUID","product_id","uuid","productId","string","NO","FK","FINAL","INTERNAL","ENT-PRODUCT"
"STI-QUANTITY","ENT-STOCK-TRANSFER-ITEM","Quantidade","quantity","BigDecimal","quantity","numeric(19,3)","quantity","string","NO",">0","FINAL","INTERNAL","RF-EST-012"
"GOL-UNIT-ID","ENT-GOAL","Unidade","unitId","UUID","unit_id","uuid","unitId","string","YES","FK","FINAL","INTERNAL","ENT-UNIT"
"GOL-BARBER-ID","ENT-GOAL","Profissional","barberId","UUID","barber_id","uuid","barberId","string","YES","FK","FINAL","INTERNAL","ENT-BARBER-PROFILE"
"GOL-METRIC","ENT-GOAL","Métrica","metricCode","String","metric_code","varchar(60)","metricCode","string","NO","Código KPI aprovado","FINAL","INTERNAL","RF-REL-014"
"GOL-TARGET","ENT-GOAL","Alvo","targetValue","BigDecimal","target_value","numeric(19,4)","targetValue","string","NO",">=0","FINAL","INTERNAL","RF-REL-014"
"GOL-PERIOD-START","ENT-GOAL","Início do período","periodStart","LocalDate","period_start","date","periodStart","string","NO","Data válida","FINAL","INTERNAL","RF-REL-014"
"GOL-PERIOD-END","ENT-GOAL","Fim do período","periodEnd","LocalDate","period_end","date","periodEnd","string","NO",">= início","FINAL","INTERNAL","RF-REL-014"
